timestamp,productName,Brand,PhonePlaceKenya_productLink,price,oldPrice,discount,verifiedRatings,stock,Key_Features,Category
2024-10-26 19:58:08,Samsung Galaxy S24 FE 5G,Samsung,https://www.phoneplacekenya.com/product/samsung-galaxy-s24-fe-5g/,81000.0,89000.0,8.99,0,IN STOCK,"{""Battery"": ""4700mAh, 15W"", ""Brands"": ""Samsung"", ""Chipset"": ""Exynos 2400e (4 nm)"", ""Connectivity"": ""5G, Wi-Fi 7, Bluetooth 5.3, NFC, USB-C, GPS"", ""Display"": ""6.7-inch, Dynamic AMOLED 2X"", ""Internal Storage"": ""256GB"", ""Main Camera"": ""50MP+8MP+12MP"", ""NB"": ""Warranty registration is the customer's responsibility"", ""OS"": ""Android 14, One UI 6.1"", ""PhonePlaceKenya_Discount"": ""-9%"", ""PhonePlaceKenya_verifiedRatings"": ""0 Reviews"", ""RAM"": ""8GB"", ""Reviews"": ""0 Reviews"", ""SKU"": ""SM-S721BLBBAFB"", ""Scrape Date"": ""2024-10-26"", ""Scrape Time"": ""19:58:08"", ""Selfie Camera"": ""10MP""}",Samsung Phones
2024-10-26 19:58:17,Samsung Galaxy Fold 6 with S-Pen Case,Samsung,https://www.phoneplacekenya.com/product/samsung-galaxy-fold-6-with-s-pen-case/,12000.0,13500.0,11.11,0,IN STOCK,"{""Brands"": ""Samsung"", ""NB"": ""Warranty registration is the customer's responsibility"", ""PhonePlaceKenya_Discount"": ""-11%"", ""PhonePlaceKenya_verifiedRatings"": ""0 Reviews"", ""Reviews"": ""0 Reviews"", ""Scrape Date"": ""2024-10-26"", ""Scrape Time"": ""19:58:17""}",Phone Covers
2024-10-26 19:58:27,Samsung 45W 20000 mAh Power Bank,Samsung,https://www.phoneplacekenya.com/product/samsung-45w-20000mah/,9000.0,9500.0,5.26,0,IN STOCK,"{""Accessories"": ""USB Type-C to USB Type-C (30 cm, 5A)"", ""Brands"": ""Samsung"", ""Capacity"": ""20,000mAh"", ""Color"": ""beige"", ""Compatibility"": ""Samsung tablets, smartphones, smart devices, and other brands."", ""Connector"": ""USB Type-C"", ""Dimensions"": ""152 x 76 x 25.5 cm"", ""Fast Charging"": ""yes. 45W Super Fast Charging 2.0 (PD 3.0 PPS) 3x USB-C"", ""Multiple Devices Charging"": ""Yes."", ""NB"": ""Warranty registration is the customer's responsibility"", ""PhonePlaceKenya_Discount"": ""-5%"", ""PhonePlaceKenya_verifiedRatings"": ""0 Reviews"", ""Reviews"": ""0 Reviews"", ""Scrape Date"": ""2024-10-26"", ""Scrape Time"": ""19:58:27"", ""Weight"": ""402g""}",Powerbank
2024-10-26 19:58:43,Samsung Galaxy A06,Samsung,https://www.phoneplacekenya.com/product/samsung-galaxy-a06/,15000.0,16500.0,9.09,0,IN STOCK,"{""Battery"": ""5000 mAh, 25W"", ""Brands"": ""Samsung"", ""Colors"": ""Blue, Gold, White"", ""Connectivity"": ""Dual SIM, 2G, 3G, 4G, Wi-Fi"", ""Display"": ""6.7 inch"", ""Front camera"": ""8MP"", ""Internal Storage"": ""128GB"", ""Main camera"": ""50MP+ 2MP"", ""NB"": ""Warranty registration is the customer's responsibility"", ""OS"": ""Android 14"", ""PhonePlaceKenya_verifiedRatings"": ""0 Reviews"", ""Processor"": ""Mediatek Helio G85 (12 nm)"", ""RAM"": ""4GB"", ""Reviews"": ""0 Reviews"", ""SKU"": ""SM-A065FZKDAFB"", ""Scrape Date"": ""2024-10-26"", ""Scrape Time"": ""19:58:43""}",Samsung Phones
2024-10-26 19:58:52,Samsung Galaxy Buds 3 Pro,Samsung,https://www.phoneplacekenya.com/product/samsung-galaxy-buds-3-pro/,27500.0,30000.0,8.33,0,IN STOCK,"{""Brands"": ""Samsung"", ""NB"": ""Warranty registration is the customer's responsibility"", ""PhonePlaceKenya_verifiedRatings"": ""0 Reviews"", ""Reviews"": ""0 Reviews"", ""SKU"": ""SM-R630NZAAMEA"", ""Scrape Date"": ""2024-10-26"", ""Scrape Time"": ""19:58:52""}",Galaxy Buds
2024-10-26 19:58:59,Samsung Galaxy Watch 7,Samsung,https://www.phoneplacekenya.com/product/samsung-galaxy-watch-7/,30500.0,33500.0,8.96,0,IN STOCK,"{""Battery"": ""425 mAh, 10W wireless"", ""Brands"": ""Samsung"", ""Color"": ""Cream, Silver, Green"", ""Dimension"": ""44.4 x 44.4 x 9.7 mm"", ""Internal Storage"": ""32 GB"", ""NB"": ""Warranty registration is the customer's responsibility"", ""OS"": ""Android Wear OS 5, One UI Watch 6"", ""PhonePlaceKenya_verifiedRatings"": ""0 Reviews"", ""Processor"": ""Exynos W1000 (3 nm)"", ""RAM"": ""2 GB"", ""Resolution"": ""480 x 480 pixels (~327 ppi density)"", ""Reviews"": ""0 Reviews"", ""Scrape Date"": ""2024-10-26"", ""Scrape Time"": ""19:58:59"", ""Screen Size"": ""1.5-inch"", ""Water resistance"": ""IP68 Certified Rating""}",Galaxy Watch
2024-10-26 19:59:07,Samsung Galaxy Watch Ultra,Samsung,https://www.phoneplacekenya.com/product/samsung-galaxy-watch-ultra/,85000.0,90000.0,5.56,0,IN STOCK,"{""Battery"": ""425 mAh, 10W wireless"", ""Brands"": ""Samsung"", ""Colorways"": ""Titanium Silver, Titanium Gray, Titanium White"", ""Dimension"": ""47.4 x 47.4 x 12.1 mm"", ""Display"": ""1.5-inch, Super AMOLED"", ""Internal Storage"": ""32 GB"", ""NB"": ""Warranty registration is the customer's responsibility"", ""OS"": ""Android Wear OS 5, One UI Watch 6"", ""PhonePlaceKenya_verifiedRatings"": ""0 Reviews"", ""Processor"": ""Exynos W1000 (3NM)"", ""RAM"": ""2 GB"", ""Resolution"": ""480 x 480 pixels (~327 ppi density)"", ""Reviews"": ""0 Reviews"", ""Scrape Date"": ""2024-10-26"", ""Scrape Time"": ""19:59:07"", ""Water resistance"": ""IP68 Certified Rating, 10ATM Certified""}",Galaxy Watch
2024-10-26 19:59:14,Samsung Galaxy Buds 3,Samsung,https://www.phoneplacekenya.com/product/samsung-galaxy-buds-3/,19000.0,23000.0,17.39,0,IN STOCK,"{""Active Noise Cancellation"": ""Yes"", ""Adaptive Active Noise Cancellation"": ""No"", ""Battery"": ""Buds-61mAh, Case-515mAh"", ""Brands"": ""Samsung"", ""Colors"": ""Silver, White"", ""Driver"": ""11mm dynamic drivers"", ""IP Rating"": ""Waterproof IP57"", ""Mics"": ""3 mics + VPU (DNN + Personalized Beamforming)"", ""NB"": ""Warranty registration is the customer's responsibility"", ""PhonePlaceKenya_verifiedRatings"": ""0 Reviews"", ""Reviews"": ""0 Reviews"", ""Scrape Date"": ""2024-10-26"", ""Scrape Time"": ""19:59:14"", ""Voice Control"": ""Bixby""}",Galaxy Buds
2024-10-26 19:59:22,Samsung Galaxy Z Flip 6,Samsung,https://www.phoneplacekenya.com/product/samsung-galaxy-z-flip-6/,93000.0,131000.0,29.01,0,IN STOCK,"{""Battery"": ""4000mAh, 25W"", ""Brands"": ""Samsung"", ""Colors"": ""Yellow, Silver Shadow, Mint, Blue, Black, White, Peach"", ""Connectivity"": ""Dual SIM, 3G, 4G, 5G, VoLTE, Wi-Fi"", ""Cover display"": ""3.9 inch, AMOLED"", ""Display"": ""6.7 inch, AMOLED, 120Hz"", ""Front camera"": ""10 MP"", ""Internal Storage"": ""256GB, 512GB"", ""Main camera"": ""50 MP + 12 MP"", ""NB"": ""Warranty registration is the customer's responsibility"", ""OS"": ""Android 14, One UI 6.1.1"", ""PhonePlaceKenya_verifiedRatings"": ""0 Reviews"", ""Processor"": ""Qualcomm Snapdragon 8 Gen 3"", ""RAM"": ""12 GB"", ""Region"": ""UAE / Dubai"", ""Reviews"": ""0 Reviews"", ""SKU"": ""SM-F741BLBAAFB"", ""Scrape Date"": ""2024-10-26"", ""Scrape Time"": ""19:59:22"", ""Warranty Info"": ""Warranty""}",Foldable Phones
2024-10-26 19:59:30,Samsung Galaxy Z Fold 6,Samsung,https://www.phoneplacekenya.com/product/samsung-galaxy-z-fold-6/,162000.0,186000.0,12.9,0,IN STOCK,"{""Battery"": ""4,4000mAh"", ""Brands"": ""Samsung"", ""Colors"": ""Navy, Silver Shadow, Pink, Black, White"", ""Connectivity"": ""Dual SIM, 3G, 4G, 5G, Wi-Fi"", ""Cover Camera"": ""10MP"", ""Display"": ""7.6 inches Super AMOLED display (unfolded); 6.3-inches when folded"", ""Front camera"": ""4MP"", ""Internal Storage"": ""256GB, 512GB"", ""Main camera"": ""50MP + 10MP + 12MP"", ""NB"": ""Warranty registration is the customer's responsibility"", ""Operating System"": ""Android 14, One UI 6.1.1"", ""PhonePlaceKenya_verifiedRatings"": ""0 Reviews"", ""Processor"": ""Qualcomm SM8550-AC Snapdragon 8 Gen 3 (4 nm)"", ""RAM"": ""12GB"", ""Region"": ""UAE / Dubai"", ""Reviews"": ""0 Reviews"", ""SKU"": ""SM-F956BZSDAFB"", ""Scrape Date"": ""2024-10-26"", ""Scrape Time"": ""19:59:30"", ""Warranty Info"": ""Warranty""}",Foldable Phones
2024-10-26 19:59:37,Samsung Galaxy Tab S10 Ultra,Samsung,https://www.phoneplacekenya.com/product/samsung-galaxy-tab-s10-ultra/,165000.0,170000.0,2.94,0,SOLD OUT,"{""Battery"": ""11200mAh, 45W"", ""Brands"": ""Samsung"", ""Chipset"": ""Mediatek Dimensity 9300+ (4 nm)"", ""Connectivity"": ""5G, Wi-Fi 7, Bluetooth 5.4, GPS, USB Type 3.2"", ""Display"": ""14.6-inch Dynamic AMOLED 2X"", ""Front Camera"": ""8MP + 13MP"", ""Internal Memory"": ""256GB, 512GB, 1TB"", ""NB"": ""Warranty registration is the customer's responsibility"", ""OS"": ""Android 14, One UI 6.1"", ""PhonePlaceKenya_Discount"": ""No Discount"", ""PhonePlaceKenya_verifiedRatings"": ""0 Reviews"", ""Primary Camera"": ""12MP + 12MP"", ""RAM"": ""12GB, 16GB"", ""Reviews"": ""0 Reviews"", ""Scrape Date"": ""2024-10-26"", ""Scrape Time"": ""19:59:37""}",Galaxy Tablet
2024-10-26 19:59:46,Samsung Galaxy Watch FE,Samsung,https://www.phoneplacekenya.com/product/samsung-galaxy-watch-fe/,22000.0,23000.0,4.35,0,IN STOCK,"{""Battery"": ""247 mAh, Wireless (Qi)"", ""Brands"": ""Samsung"", ""Color"": ""Black, Silver, Pink Gold"", ""Dimension"": ""40.4 x 39.3 x 9.8 mm"", ""NB"": ""Warranty registration is the customer's responsibility"", ""OS"": ""Android Wear OS 4, One UI Watch 5"", ""PhonePlaceKenya_verifiedRatings"": ""0 Reviews"", ""Processor"": ""Exynos W920 (5 nm)"", ""RAM"": ""1.5 GB"", ""Reviews"": ""0 Reviews"", ""Scrape Date"": ""2024-10-26"", ""Scrape Time"": ""19:59:46"", ""Screen Size"": ""1.2 inches, Super AMOLED"", ""Storage"": ""16 GB""}",Galaxy Watch
2024-10-26 19:59:55,Samsung 40W Car Charger,Samsung,https://www.phoneplacekenya.com/product/samsung-40w-car-charger-duo/,5500.0,6500.0,15.38,0,IN STOCK,"{""Brands"": ""Samsung"", ""Color"": ""Black"", ""Interface"": ""USB-C 1 Port + USB-A 1 Port"", ""NB"": ""Warranty registration is the customer's responsibility"", ""PhonePlaceKenya_verifiedRatings"": ""0 Reviews"", ""Ports"": ""dual"", ""Power Output"": ""USB-C provides 25W; USB-A port provides 14W"", ""Reviews"": ""0 Reviews"", ""Scrape Date"": ""2024-10-26"", ""Scrape Time"": ""19:59:55"", ""Size"": ""80 x 34 x 26 mm"", ""Voltage"": ""12V"", ""Weight"": ""5g""}",Chargers
2024-10-26 20:00:06,Samsung Galaxy M35 5G,Samsung,https://www.phoneplacekenya.com/product/samsung-galaxy-m35-5g/,25000.0,30000.0,16.67,0,IN STOCK,"{""Battery"": ""6,000 mAh; 25W wired"", ""Brands"": ""Samsung"", ""Camera"": ""50MP + 8MP + 2MP"", ""Colors"": ""Iceblue, Lilac, Navy, Lemon"", ""Connectivity"": ""Dual SIM, 5G, Wi-Fi"", ""Display"": ""6.6-inch, Super AMOLED, 120Hz, 1000 nits (HBM)"", ""NB"": ""Warranty registration is the customer's responsibility"", ""OS"": ""Android 14, One UI 6.1"", ""PhonePlaceKenya_Discount"": ""-17%"", ""PhonePlaceKenya_verifiedRatings"": ""0 Reviews"", ""Processor"": ""Exynos 1380 (5 nm)"", ""RAM"": ""6GB, 8GB, 12GB"", ""Region"": ""UAE / Dubai"", ""Reviews"": ""0 Reviews"", ""Scrape Date"": ""2024-10-26"", ""Scrape Time"": ""20:00:06"", ""Selfie"": ""13 MP, f/2.2, (wide)"", ""Storage"": ""128GB, 256GB"", ""Warranty Info"": ""Warranty""}",Samsung Phones
2024-10-26 20:00:15,Samsung Galaxy M55,Samsung,https://www.phoneplacekenya.com/product/samsung-galaxy-m55/,39000.0,42000.0,7.14,0,IN STOCK,"{""Battery"": ""5000 mAh, non-removable, 45W"", ""Bluetooth"": ""5.2, A2DP, LE"", ""Brands"": ""Samsung"", ""Chipset"": ""Qualcomm SM7450-AB Snapdragon 7 Gen 1 (4 nm)"", ""Colorways"": ""Dark Blue, Light Green"", ""Connectivity"": ""5G"", ""Internal Memory"": ""256GB"", ""Main Camera"": ""50MP + 8MP + 2MP"", ""NB"": ""Warranty registration is the customer's responsibility"", ""OS"": ""Android 14, One UI 6.1"", ""PhonePlaceKenya_Discount"": ""-7%"", ""PhonePlaceKenya_verifiedRatings"": ""0 Reviews"", ""RAM"": ""8GB"", ""Region"": ""UAE Version"", ""Reviews"": ""0 Reviews"", ""Scrape Date"": ""2024-10-26"", ""Scrape Time"": ""20:00:15"", ""Selfie Camera"": ""50MP""}",Samsung Phones
2024-10-26 20:00:25,Samsung Galaxy A35 5G,Samsung,https://www.phoneplacekenya.com/product/samsung-galaxy-a35-5g/,33000.0,39500.0,16.46,0,IN STOCK,"{""Battery"": ""5,000 mAh"", ""Brands"": ""Samsung"", ""Colors"": ""Iceblue, Lilac, Navy"", ""Connectivity"": ""Dual SIM, 2G, 3G, 4G, 5G, Wi-Fi"", ""Display"": ""6.6 inches, 120 Hz"", ""Front camera"": ""13MP"", ""Internal Storage"": ""256GB"", ""Main camera"": ""50MP + 8MP + 5MP"", ""NB"": ""Warranty registration is the customer's responsibility"", ""OS"": ""Android 14, One UI 6.1,"", ""PhonePlaceKenya_Discount"": ""-17%"", ""PhonePlaceKenya_verifiedRatings"": ""1 Review"", ""Processor"": ""Exynos 1380 SoC"", ""RAM"": ""8GB"", ""Region"": ""East Africa"", ""SKU"": ""SM-A356ELBMAFB"", ""Scrape Date"": ""2024-10-26"", ""Scrape Time"": ""20:00:25"", ""Warranty Info"": ""Warranty""}",Samsung Phones
2024-10-26 20:00:34,Samsung Galaxy A55 5G,Samsung,https://www.phoneplacekenya.com/product/samsung-galaxy-a55-5g/,40000.0,45000.0,11.11,0,IN STOCK,"{""Battery"": ""5,000 mAh"", ""Brands"": ""Samsung"", ""Colors"": ""Iceblue, Lilac, Navy, Lemon"", ""Connectivity"": ""Dual SIM, 2G, 3G, 4G, Wi-Fi"", ""Display"": ""6 inches, 120 Hz"", ""Front camera"": ""32MP"", ""Internal Storage"": ""128 GB, 256GB"", ""Main camera"": ""50 MP + 12MP + 5 MP"", ""NB"": ""Warranty registration is the customer's responsibility"", ""OS"": ""Android 14, One UI 6.1,"", ""PhonePlaceKenya_verifiedRatings"": ""0 Reviews"", ""Processor"": ""Exynos 1480 SoC"", ""RAM"": ""8GB"", ""Region"": ""East Africa"", ""Reviews"": ""0 Reviews"", ""SKU"": ""SM-A556ELBVAFB"", ""Scrape Date"": ""2024-10-26"", ""Scrape Time"": ""20:00:34"", ""Warranty Info"": ""Warranty""}",Samsung Phones
2024-10-26 20:00:40,Samsung Galaxy A25 5G,Samsung,https://www.phoneplacekenya.com/product/samsung-galaxy-a25-5g/,24500.0,25500.0,3.92,0,IN STOCK,"{""Battery"": ""5,000 mAh, 25W"", ""Brands"": ""Samsung"", ""Colors"": ""Brave Black, Personality Yellow, Fantasy Blue, Optimistic Blue"", ""Connectivity"": ""Dual SIM, 2G, 3G, 4G, 5G, Wi-Fi"", ""Display"": ""6.5 inch"", ""Front camera"": ""13 MP"", ""Internal Storage"": ""128GB, 256GB"", ""Main camera"": ""50MP + 8MP + 2MP"", ""NB"": ""Warranty registration is the customer's responsibility"", ""OS"": ""Android 14, One UI 6"", ""PhonePlaceKenya_verifiedRatings"": ""0 Reviews"", ""Processor"": ""Octa-core Exynos 1280 (5 nm)"", ""RAM"": ""6GB, 8GB"", ""Reviews"": ""0 Reviews"", ""SKU"": ""SM-A256EZKDAFA"", ""Scrape Date"": ""2024-10-26"", ""Scrape Time"": ""20:00:40""}",Samsung Phones
2024-10-26 20:00:47,S24 Ultra Standing Grip Case,S24,https://www.phoneplacekenya.com/product/s24-ultra-standing-grip-case/,6000.0,7500.0,20.0,0,IN STOCK,"{""Brands"": ""Samsung"", ""Colors"": ""Taupe, Light Blue, and Dark Violet"", ""Kickstand"": ""built in for handsfree viewing"", ""Material"": ""Silicone"", ""NB"": ""Warranty registration is the customer's responsibility"", ""PhonePlaceKenya_verifiedRatings"": ""0 Reviews"", ""Reviews"": ""0 Reviews"", ""Scrape Date"": ""2024-10-26"", ""Scrape Time"": ""20:00:47"", ""Strap"": ""for firm grip""}",Phone Covers
2024-10-26 20:00:55,Galaxy S24 Ultra Smart View Wallet Case,Galaxy,https://www.phoneplacekenya.com/product/smart-view-wallet-case/,6000.0,7500.0,20.0,0,IN STOCK,"{""Brands"": ""Samsung"", ""Colors"": ""Violet, Light Green, Black and White"", ""Compatibility"": ""Samsung Galaxy S24 Ultra."", ""NB"": ""Warranty registration is the customer's responsibility"", ""PhonePlaceKenya_verifiedRatings"": ""0 Reviews"", ""Reviews"": ""0 Reviews"", ""Scrape Date"": ""2024-10-26"", ""Scrape Time"": ""20:00:55"", ""Size"": ""83.9*166.2*15.4mm"", ""Weight"": ""74g""}",Phone Covers
2024-10-26 20:01:02,Samsung Galaxy M15 4G,Samsung,https://www.phoneplacekenya.com/product/samsung-galaxy-m15-4g-copy/,19500.0,21000.0,7.14,0,IN STOCK,"{""Battery"": ""6,000mAh, 25W"", ""Brands"": ""Samsung"", ""Connectivity"": ""4G"", ""Display"": ""6.5-inch Super AMOLED"", ""Internal Memory"": ""128GB"", ""Main Camera"": ""50MP + 5MP + 2MP"", ""NB"": ""Warranty registration is the customer's responsibility"", ""Operating System"": ""Android 14-based One UI 6"", ""PhonePlaceKenya_verifiedRatings"": ""0 Reviews"", ""Processor"": ""MediaTek Helio G99 SoC"", ""RAM"": ""6GB"", ""Reviews"": ""0 Reviews"", ""Scrape Date"": ""2024-10-26"", ""Scrape Time"": ""20:01:02"", ""Selfie Camera"": ""13MP""}",Samsung Phones
2024-10-26 20:01:10,Samsung Galaxy F15 5G,Samsung,https://www.phoneplacekenya.com/product/samsung-galaxy-f15-5g/,23500.0,26500.0,11.32,0,IN STOCK,"{""Battery"": ""6000mAh, 25W"", ""Brands"": ""Samsung"", ""Connectivity"": ""5G"", ""Display"": ""6 inches, Super AMOLED"", ""Internal Memory"": ""128GB"", ""Main Camera"": ""50MP+5MP+2MP"", ""NB"": ""Warranty registration is the customer's responsibility"", ""OS"": ""Android 14, One UI 6"", ""PhonePlaceKenya_verifiedRatings"": ""0 Reviews"", ""Processor"": ""Octa-core, Mediatek Dimensity 6100+ (6 nm)"", ""RAM"": ""4/6GB"", ""Reviews"": ""0 Reviews"", ""Scrape Date"": ""2024-10-26"", ""Scrape Time"": ""20:01:10"", ""Selfie Camera"": ""13 MP, f/2.0, (wide)""}",Samsung Phones
2024-10-26 20:01:17,Samsung Galaxy Fit3,Samsung,https://www.phoneplacekenya.com/product/samsung-galaxy-fit3/,9000.0,10500.0,14.29,0,IN STOCK,"{""Battery"": ""208 mAh"", ""Brands"": ""Samsung"", ""Case"": ""Metallic"", ""Connectivity"": ""Bluetooth 5.3"", ""Display"": ""1.6 inches"", ""NB"": ""Warranty registration is the customer's responsibility"", ""PhonePlaceKenya_verifiedRatings"": ""0 Reviews"", ""Reviews"": ""0 Reviews"", ""Scrape Date"": ""2024-10-26"", ""Scrape Time"": ""20:01:17"", ""Sports modes"": ""100+"", ""Watch Faces"": ""100+"", ""Waterproof"": ""5ATM/IP68 rating"", ""Weight"": ""18.5g/36.8g""}",Galaxy Watch
2024-10-26 20:01:25,Samsung Galaxy S24 5G,Samsung,https://www.phoneplacekenya.com/product/samsung-galaxy-s24-5g/,85000.0,92000.0,7.61,0,IN STOCK,"{""Battery"": ""4,000 mAh"", ""Brands"": ""Samsung"", ""Colors"": ""Onyx Black, Marble Grey, Cobalt Violet, Amber Yellow, Jade Green, Sandstone Orange, Sapphire Blue"", ""Connectivity"": ""Dual SIM, 3G, 4G, 5G, Wi-Fi"", ""Display"": ""6.2 inch + Dynamic LTPO AMOLED 2X, 120Hz, HDR10+, 2600 nits (peak)"", ""Front camera"": ""12 MP (wide)"", ""Internal Storage"": ""256GB"", ""Main camera"": ""50MP + 10MP + 12MP"", ""NB"": ""Warranty registration is the customer's responsibility"", ""OS"": ""Android 14, One UI 6.1"", ""PhonePlaceKenya_verifiedRatings"": ""0 Reviews"", ""Processor"": ""Qualcomm Snapdragon 8 Gen 3 (4nm)"", ""RAM"": ""8GB"", ""Region"": ""UAE / Dubai"", ""Reviews"": ""0 Reviews"", ""SKU"": ""SM-S921"", ""Scrape Date"": ""2024-10-26"", ""Scrape Time"": ""20:01:25"", ""Warranty Info"": ""Warranty""}",Samsung Phones
2024-10-26 20:01:34,Samsung Galaxy S24 Plus,Samsung,https://www.phoneplacekenya.com/product/samsung-galaxy-s24-plus/,100000.0,107000.0,6.54,0,IN STOCK,"{""Battery"": ""4900mAh"", ""Brands"": ""Samsung"", ""Colors"": ""Onyx Black, Marble Grey, Cobalt Violet, Amber Yellow, Jade Green, Sandstone Orange, Sapphire Blue"", ""Connectivity"": ""Dual sim, 2G, 3G, 4G, 5G"", ""Display"": ""6.7 inch, AMOLED, 120Hz"", ""Front camera"": ""12 MP"", ""Internal Storage"": ""256GB"", ""Main camera"": ""50 MP + 10 MP + 12 MP"", ""NB"": ""Warranty registration is the customer's responsibility"", ""OS"": ""Android 14, One UI 6.1"", ""PhonePlaceKenya_verifiedRatings"": ""0 Reviews"", ""Processor"": ""Snapdragon 8 Gen 3 / Exynos 2400"", ""RAM"": ""12GB"", ""Region"": ""East Africa"", ""Reviews"": ""0 Reviews"", ""SKU"": ""SM-S926"", ""Scrape Date"": ""2024-10-26"", ""Scrape Time"": ""20:01:34""}",Samsung Phones
2024-10-26 20:01:42,Samsung Galaxy S24 Ultra,Samsung,https://www.phoneplacekenya.com/product/samsung-galaxy-s24-ultra/,115500.0,178000.0,35.11,2,IN STOCK,"{""Battery"": ""5000 mAh"", ""Brands"": ""Samsung"", ""Colors"": ""Titanium Black, Titanium Gray, Titanium Violet, Titanium Yellow"", ""Connectivity"": ""Dual SIM, 3G, 4G, 5G, Wi-Fi"", ""Display"": ""6.8 inch + 120Hz AMOLED display"", ""Front camera"": ""12 MP"", ""Internal Storage"": ""256GB, 512GB, 1TB"", ""Main camera"": ""200MP + 50MP + 10MP + 10MP"", ""NB"": ""Warranty registration is the customer's responsibility"", ""OS"": ""Android 14, One UI 6.1"", ""PhonePlaceKenya_verifiedRatings"": ""2 Reviews"", ""Processor"": ""Qualcomm Snapdragon 8 Gen 3"", ""RAM"": ""12GB"", ""Region"": ""UAE / Dubai"", ""Reviews"": ""2 Reviews"", ""SKU"": ""SM-S928UZKEXAA"", ""Scrape Date"": ""2024-10-26"", ""Scrape Time"": ""20:01:42"", ""This item"": ""Samsung Galaxy S24 Ultra KSh 115,500 \u2013 KSh 178,000"", ""Warranty Info"": ""Warranty""}",Samsung Phones
2024-10-26 20:01:49,Samsung Galaxy A25 4G,Samsung,https://www.phoneplacekenya.com/product/samsung-galaxy-a25-4g/,37500.0,,,0,SOLD OUT,"{""Battery"": ""5,000 mAh, 25W"", ""Brands"": ""Samsung"", ""Colors"": ""Black, Lime Green, Blue gradient, Dark red"", ""Connectivity"": ""Dual SIM, 2G, 3G, 4G, Wi-Fi"", ""Display"": ""6.5 inches"", ""Front camera"": ""13 MP"", ""Internal Storage"": ""128GB"", ""Main camera"": ""50MP + 5MP + 2MP"", ""NB"": ""Warranty registration is the customer's responsibility"", ""OS"": ""Android 13, upgradable to Android 14, One UI 6"", ""PhonePlaceKenya_Discount"": ""No Discount"", ""PhonePlaceKenya_verifiedRatings"": ""0 Reviews"", ""Processor"": ""Mediatek Helio G99 (6nm)"", ""RAM"": ""6GB, 8GB"", ""Reviews"": ""0 Reviews"", ""Scrape Date"": ""2024-10-26"", ""Scrape Time"": ""20:01:49""}",Samsung Phones
2024-10-26 20:01:57,Samsung 10000mAh Battery Pack,Samsung,https://www.phoneplacekenya.com/product/samsung-10000mah-battery-pack/,4000.0,4500.0,11.11,0,IN STOCK,"{""Batteries"": ""1 C battery required (included)"", ""Brands"": ""Samsung"", ""Capacity"": ""10,000mAh"", ""Colour"": ""Black Grey"", ""Connector Type"": ""USB Type C"", ""Key Components"": ""Battery Pack, USB-C Cable"", ""Manufacturer"": ""Samsung"", ""NB"": ""Warranty registration is the customer's responsibility"", ""PhonePlaceKenya_verifiedRatings"": ""0 Reviews"", ""Reviews"": ""0 Reviews"", ""Scrape Date"": ""2024-10-26"", ""Scrape Time"": ""20:01:57"", ""Weight"": ""240g""}",Powerbank
2024-10-26 20:02:04,Samsung Galaxy A15 4G,Samsung,https://www.phoneplacekenya.com/product/samsung-galaxy-a15-4g/,18000.0,23500.0,23.4,2,IN STOCK,"{""Battery"": ""5,000 mAh"", ""Brands"": ""Samsung"", ""Colors"": ""Black, Personality Yellow, Fantasy Blue, Optimistic Blue"", ""Connectivity"": ""Dual SIM, 2G, 3G, 4G, Wi-Fi"", ""Display"": ""6.4 inch"", ""Front camera"": ""13 MP"", ""Internal Storage"": ""128GB, 256GB"", ""Main camera"": ""50MP + 5MP + 2MP"", ""NB"": ""Warranty registration is the customer's responsibility"", ""OS"": ""Android 14"", ""PhonePlaceKenya_Discount"": ""-27%"", ""PhonePlaceKenya_verifiedRatings"": ""2 Reviews"", ""Processor"": ""Mediatek Helio G99 (6nm)"", ""RAM"": ""4GB, 6GB"", ""Reviews"": ""2 Reviews"", ""SKU"": ""SM-A155FZKIAFC"", ""Scrape Date"": ""2024-10-26"", ""Scrape Time"": ""20:02:04""}",Samsung Phones
2024-10-26 20:02:33,Samsung Galaxy A54 5G,Samsung,https://www.phoneplacekenya.com/product/samsung-galaxy-a54-5g/,46500.0,47000.0,1.06,0,IN STOCK,"{""Battery"": ""5,000 mAh"", ""Brands"": ""Samsung"", ""Colors"": ""Lime, Graphite, Violet, White"", ""Connectivity"": ""Dual sim, 2G, 3G, 4G, Wi-Fi"", ""Display"": ""6.46 inches, 120 Hz"", ""Front camera"": ""32MP"", ""Internal Storage"": ""256GB"", ""Main camera"": ""50 MP + 12MP + 5 MP"", ""NB"": ""Warranty registration is the customer's responsibility"", ""OS"": ""Android 13, One UI 5.1"", ""PhonePlaceKenya_Discount"": ""-1%"", ""PhonePlaceKenya_verifiedRatings"": ""0 Reviews"", ""Processor"": ""Exynos 1380"", ""RAM"": ""8GB"", ""Reviews"": ""0 Reviews"", ""Scrape Date"": ""2024-10-26"", ""Scrape Time"": ""20:02:33""}",Samsung Phones
2024-10-26 20:02:42,Samsung Galaxy A24,Samsung,https://www.phoneplacekenya.com/product/samsung-galaxy-a24/,27000.0,27500.0,1.82,0,IN STOCK,"{""Battery"": ""5000 mAh, 25W wired"", ""Brands"": ""Samsung"", ""Colors"": ""Black, Lime Green, Blue gradient, Dark Red"", ""Connectivity"": ""Dual sim, 3G, 4G, Wi-Fi"", ""Display"": ""6.5 inches, AMOLED, 90Hz"", ""Front camera"": ""13 MP"", ""Internal Storage"": ""128GB"", ""Main camera"": ""50 MP + 5 MP + 2 MP"", ""NB"": ""Warranty registration is the customer's responsibility"", ""OS"": ""Android 13, One UI 5.1"", ""PhonePlaceKenya_Discount"": ""-2%"", ""PhonePlaceKenya_verifiedRatings"": ""0 Reviews"", ""Processor"": ""Mediatek Helio G99"", ""RAM"": ""6GB,"", ""Reviews"": ""0 Reviews"", ""Scrape Date"": ""2024-10-26"", ""Scrape Time"": ""20:02:42""}",Samsung Phones
2024-10-26 20:02:52,Samsung Galaxy A34 5G,Samsung,https://www.phoneplacekenya.com/product/samsung-galaxy-a34-5g/,32000.0,36000.0,11.11,2,IN STOCK,"{""Battery"": ""5,000 mAh with 25W charging"", ""Brands"": ""Samsung"", ""Colors"": ""Lime, Graphite, Violet, Silver"", ""Connectivity"": ""Dual sim, 3G, 4G, 5G"", ""Display"": ""6.6 inch, AMOLED, 120Hz"", ""Front camera"": ""13 MP"", ""Internal Storage"": ""128GB"", ""Main camera"": ""48 MP + 8 MP + 5 MP"", ""NB"": ""Warranty registration is the customer's responsibility"", ""OS"": ""Android 13, One UI 5.1"", ""PhonePlaceKenya_Discount"": ""-14%"", ""PhonePlaceKenya_verifiedRatings"": ""2 Reviews"", ""Processor"": ""MediaTek Dimensity 1080"", ""RAM"": ""6GB"", ""Region"": ""UAE / Dubai"", ""Reviews"": ""2 Reviews"", ""Scrape Date"": ""2024-10-26"", ""Scrape Time"": ""20:02:52"", ""Warranty Info"": ""Warranty""}",Samsung Phones
2024-10-26 20:03:00,Samsung Galaxy S23 FE 5G,Samsung,https://www.phoneplacekenya.com/product/samsung-galaxy-s23-fe-5g/,58500.0,65000.0,10.0,3,IN STOCK,"{""Battery"": ""4,500 mAh"", ""Brands"": ""Samsung"", ""Colors"": ""Mint, Cream, Graphite, Purple, Indigo and Tangerine"", ""Connectivity"": ""Dual sim, 2G, 3G, 4G, 5G, Wi-Fi"", ""Display"": ""6.4 inch, 120Hz AMOLED"", ""Front camera"": ""12 MP"", ""Internal Storage"": ""256GB"", ""Main camera"": ""50MP + 8MP + 12MP"", ""NB"": ""Warranty registration is the customer's responsibility"", ""OS"": ""Android 13, One UI 5.1"", ""PhonePlaceKenya_verifiedRatings"": ""3 Reviews"", ""Processor"": ""Exynos 2200 International, Snapdragon 8 Gen 1 \u2013 USA"", ""RAM"": ""8GB"", ""Region"": ""UAE / Dubai"", ""Reviews"": ""3 Reviews"", ""Scrape Date"": ""2024-10-26"", ""Scrape Time"": ""20:03:00"", ""Warranty Info"": ""Warranty""}",Samsung Phones
2024-10-26 20:03:07,Samsung Galaxy Buds FE,Samsung,https://www.phoneplacekenya.com/product/samsung-galaxy-buds-fe/,9000.0,10500.0,14.29,0,IN STOCK,"{""ANC"": ""Yes"", ""Battery"": ""21+ hours (6 hours use with ANC on/8.5 hours with ANC off, 5 extra hours in case)"", ""Brands"": ""Samsung"", ""Colors"": ""Graphite and White"", ""Drivers"": ""2-way drivers 10mm, 5.3mm tweeter on each bud"", ""Microphones"": ""3 on each earbud"", ""NB"": ""Warranty registration is the customer's responsibility"", ""PhonePlaceKenya_verifiedRatings"": ""0 Reviews"", ""Reviews"": ""0 Reviews"", ""SKU"": ""SM-R400NZWAXFA"", ""Scrape Date"": ""2024-10-26"", ""Scrape Time"": ""20:03:07"", ""Speakers"": ""1-way speaker"", ""Water Resistance"": ""IPX2 water-resistance rating""}",Galaxy Buds
2024-10-26 20:03:15,Samsung Galaxy Tab A9 Plus,Samsung,https://www.phoneplacekenya.com/product/samsung-galaxy-tab-a9-plus/,26000.0,31500.0,17.46,0,IN STOCK,"{""Battery"": ""Li-Po 7,040 mAh, non-removable"", ""Brands"": ""Samsung"", ""Chipset"": ""Qualcomm SM6375 Snapdragon 695 5G (6 nm)"", ""Display"": ""11.0-inch TFT LCD, 90Hz refresh rate."", ""Internal Memory"": ""64GB,128GB"", ""Main Camera"": ""8 MP, AF"", ""NB"": ""Warranty registration is the customer's responsibility"", ""PhonePlaceKenya_verifiedRatings"": ""0 Reviews"", ""RAM"": ""8GB"", ""Resolution"": ""1200 x 1920 pixels"", ""Reviews"": ""0 Reviews"", ""SKU"": ""SM-X216BZAEAFA"", ""Scrape Date"": ""2024-10-26"", ""Scrape Time"": ""20:03:15"", ""Thickness"": ""6.9 mm""}",Galaxy Tablet
2024-10-26 20:03:23,Samsung Galaxy Tab A9,Samsung,https://www.phoneplacekenya.com/product/samsung-galaxy-tab-a9/,16000.0,17500.0,8.57,0,IN STOCK,"{""Battery"": ""5,100 mAh"", ""Brands"": ""Samsung"", ""Chipset"": ""Mediatek Helio G99 (6nm)"", ""Colors"": ""Graphite, Silver, Navy"", ""Display"": ""8.7 inch TFT LCD"", ""Main Camera"": ""8 MP"", ""NB"": ""Warranty registration is the customer's responsibility"", ""OS"": ""Android 13, One UI 5.1"", ""PhonePlaceKenya_verifiedRatings"": ""0 Reviews"", ""RAM"": ""4GB"", ""Resolution"": ""800 x 1340 pixels"", ""Reviews"": ""0 Reviews"", ""Scrape Date"": ""2024-10-26"", ""Scrape Time"": ""20:03:23"", ""Selfie Camera"": ""2 MP"", ""Storage"": ""64GB""}",Galaxy Tablet
2024-10-26 20:03:30,Samsung Galaxy A05,Samsung,https://www.phoneplacekenya.com/product/samsung-galaxy-a05/,13000.0,14000.0,7.14,0,IN STOCK,"{""Battery"": ""5,000 mAh"", ""Brands"": ""Samsung"", ""Colors"": ""Black, Silver, Light Green"", ""Connectivity"": ""Dual SIM, 2G, 3G, 4G"", ""Display"": ""6.7 inch, LCD, 90Hz"", ""Front camera"": ""8 MP"", ""Internal Storage"": ""64/128GB"", ""Main camera"": ""50 MP + 2 MP"", ""NB"": ""Warranty registration is the customer's responsibility"", ""OS"": ""Android 13"", ""PhonePlaceKenya_verifiedRatings"": ""0 Reviews"", ""Processor"": ""Snapdragon 680 4G"", ""RAM"": ""4GB"", ""Reviews"": ""0 Reviews"", ""Scrape Date"": ""2024-10-26"", ""Scrape Time"": ""20:03:30""}",Samsung Phones
2024-10-26 20:03:38,Samsung Galaxy A05s,Samsung,https://www.phoneplacekenya.com/product/samsung-galaxy-a05s/,14000.0,15500.0,9.68,3,IN STOCK,"{""Battery"": ""5000 mAh"", ""Brands"": ""Samsung"", ""Colors"": ""Black, Silver, Light Green, Violet"", ""Connectivity"": ""Dual sim, 2G, 3G, 4G"", ""Display"": ""6.7 inch, LCD, 90Hz"", ""Front camera"": ""13 MP"", ""Internal Storage"": ""64GB,128GB"", ""Main camera"": ""50 MP + 2 MP+ 2 MP"", ""NB"": ""Warranty registration is the customer's responsibility"", ""OS"": ""Android 13"", ""PhonePlaceKenya_verifiedRatings"": ""3 Reviews"", ""Processor"": ""Snapdragon 680 4G"", ""RAM"": ""4GB"", ""Region"": ""East Africa"", ""Reviews"": ""3 Reviews"", ""SKU"": ""SM-A057FLVDAFC"", ""Scrape Date"": ""2024-10-26"", ""Scrape Time"": ""20:03:38"", ""Warranty Info"": ""Warranty""}",Samsung Phones
2024-10-26 20:03:45,Samsung Galaxy Z Flip 5,Samsung,https://www.phoneplacekenya.com/product/samsung-galaxy-z-flip-5/,79999.0,88500.0,9.61,0,IN STOCK,"{""Battery"": ""3700 mAh, 25W"", ""Brands"": ""Samsung"", ""Colors"": ""Icy Blue, Phantom Black, Cream, Gray, Blue"", ""Connectivity"": ""Dual sim, 3G, 4G, 5G, VoLTE, Wi-Fi"", ""Cover display"": ""3.4 inch, AMOLED"", ""Display"": ""6.7 inch, AMOLED, 120Hz"", ""Front camera"": ""10 MP"", ""Internal Storage"": ""256GB, 512GB"", ""Main camera"": ""12 MP + 12 MP"", ""NB"": ""Warranty registration is the customer's responsibility"", ""OS"": ""Android 13, One UI 5.1.1"", ""PhonePlaceKenya_verifiedRatings"": ""0 Reviews"", ""Processor"": ""Qualcomm Snapdragon 8 Gen 2"", ""RAM"": ""8 GB"", ""Region"": ""UAE / Dubai"", ""Reviews"": ""0 Reviews"", ""Scrape Date"": ""2024-10-26"", ""Scrape Time"": ""20:03:45"", ""Warranty Info"": ""Warranty""}",Foldable Phones
2024-10-26 20:03:52,Samsung Galaxy Z Fold 5,Samsung,https://www.phoneplacekenya.com/product/samsung-galaxy-z-fold-5/,138000.0,143000.0,3.5,0,IN STOCK,"{""Battery"": ""4,400 mAh"", ""Brands"": ""Samsung"", ""Colors"": ""Phantom Black, Cream, Icy Blue"", ""Connectivity"": ""Dual sim, 3G, 4G, 5G, VoLTE, Wi-Fi"", ""Cover display"": ""6.2 inch, AMOLED, 120Hz"", ""Display"": ""7.6 inch, AMOLED, 120Hz"", ""Inner Camera"": ""4MP"", ""Internal Storage"": ""256GB, 512GB"", ""NB"": ""Warranty registration is the customer's responsibility"", ""OS"": ""Android 13, One UI 5.1.1"", ""Outer Camera"": ""10MP"", ""PhonePlaceKenya_verifiedRatings"": ""0 Reviews"", ""Processor"": ""Qualcomm Snapdragon 8 Gen 2"", ""RAM"": ""12 GB"", ""Rear Camera"": ""50MP + 12MP+ 10MP"", ""Region"": ""UAE / Dubai"", ""Reviews"": ""0 Reviews"", ""Scrape Date"": ""2024-10-26"", ""Scrape Time"": ""20:03:52"", ""Warranty Info"": ""Warranty""}",Foldable Phones
2024-10-26 20:03:59,Samsung Galaxy F34 5G,Samsung,https://www.phoneplacekenya.com/product/samsung-galaxy-f34-5g/,26000.0,29000.0,10.34,0,IN STOCK,"{""Battery"": ""6,000 mAh"", ""Brands"": ""Samsung"", ""Camera"": ""50MP + 8MP + 2MP"", ""Colors"": ""Electric Black, Mystic Green"", ""Connectivity"": ""Dual SIM, 5G, Wi-Fi"", ""Display"": ""6.5-inch, Super AMOLED, 120Hz, 1000 nits (peak)"", ""NB"": ""Warranty registration is the customer's responsibility"", ""OS"": ""Android 13, One UI 5.1"", ""PhonePlaceKenya_verifiedRatings"": ""0 Reviews"", ""Processor"": ""Exynos 1280 (5 nm)"", ""RAM"": ""6GB,"", ""Reviews"": ""0 Reviews"", ""Scrape Date"": ""2024-10-26"", ""Scrape Time"": ""20:03:59"", ""Selfie"": ""13 MP, f/2.2, (wide)"", ""Storage"": ""128GB""}",Samsung Phones
2024-10-26 20:04:05,Samsung Galaxy F14,Samsung,https://www.phoneplacekenya.com/product/samsung-galaxy-f14/,13800.0,15000.0,8.0,0,IN STOCK,"{""Battery"": ""6,000mAh 25w fast charging"", ""Brands"": ""Samsung"", ""Colors"": ""Black, Green and Purple"", ""Connectivity"": ""Dual SIM, up to 5G Connectivity"", ""Display"": ""6 inches"", ""Front camera"": ""13MP"", ""Internal Storage"": ""64GB"", ""Main camera"": ""5oMP + 2MP"", ""NB"": ""Warranty registration is the customer's responsibility"", ""OS"": ""Android 13, One UI Core 5.1"", ""PhonePlaceKenya_verifiedRatings"": ""0 Reviews"", ""Processor"": ""Exynos 1330 (5nm)"", ""RAM"": ""4GB"", ""Reviews"": ""0 Reviews"", ""Scrape Date"": ""2024-10-26"", ""Scrape Time"": ""20:04:05""}",Samsung Phones
2024-10-26 20:04:12,Samsung Galaxy M14 5G,Samsung,https://www.phoneplacekenya.com/product/samsung-galaxy-m14-5g/,14000.0,15500.0,9.68,0,IN STOCK,"{""Battery"": ""6,000 mAh"", ""Brands"": ""Samsung"", ""Colors"": ""Navy Blue, Light Blue, Silver"", ""Connectivity"": ""Dual SIM, 2G, 3G, 4G, 5G, Wi-Fi"", ""Display"": ""6.6 inch"", ""Front camera"": ""13 MP"", ""Internal Storage"": ""64GB"", ""Main camera"": ""50MP + 2MP + 2MP"", ""NB"": ""Warranty registration is the customer's responsibility"", ""OS"": ""Android 13, One UI 5.1"", ""PhonePlaceKenya_verifiedRatings"": ""0 Reviews"", ""Processor"": ""Octa-core, Exynos 1330 (5nm)"", ""RAM"": ""4GB"", ""Reviews"": ""0 Reviews"", ""Scrape Date"": ""2024-10-26"", ""Scrape Time"": ""20:04:12""}",Samsung Phones
2024-10-26 20:04:21,Samsung Galaxy Watch 6 Classic,Samsung,https://www.phoneplacekenya.com/product/samsung-galaxy-watch-6-classic/,28000.0,29500.0,5.08,0,IN STOCK,"{""Battery"": ""425 mAh"", ""Brands"": ""Samsung"", ""Color"": ""Black, Silver"", ""Dimension"": ""46.5 x 46.5 x 10.9 mm (1.83 x 1.83 x 0.43 in)"", ""NB"": ""Warranty registration is the customer's responsibility"", ""OS"": ""Android Wear OS 4, One UI Watch 5"", ""PhonePlaceKenya_verifiedRatings"": ""0 Reviews"", ""Processor"": ""Exynos W930"", ""RAM"": ""2 GB"", ""Reviews"": ""0 Reviews"", ""Scrape Date"": ""2024-10-26"", ""Scrape Time"": ""20:04:21"", ""Screen Size"": ""1.5 inch"", ""Storage"": ""16 GB""}",Galaxy Watch
2024-10-26 20:04:28,Samsung Galaxy Tab S9 Plus,Samsung,https://www.phoneplacekenya.com/product/samsung-galaxy-tab-s9-plus/,106000.0,120000.0,11.67,0,IN STOCK,"{""Battery"": ""10,090 mAh, 45W"", ""Brands"": ""Samsung"", ""Camera"": ""13MP + 8 MP"", ""Colors"": ""Beige, Graphite"", ""Connectivity"": ""Dual SIM, 5G, Wi-Fi"", ""Display"": ""12.4 inches, AMOLED, 120Hz"", ""NB"": ""Warranty registration is the customer's responsibility"", ""OS"": ""Android 13, One UI 5.1"", ""PhonePlaceKenya_verifiedRatings"": ""0 Reviews"", ""Processor"": ""Qualcomm Snapdragon 8 Gen 2"", ""RAM"": ""12GB"", ""Reviews"": ""0 Reviews"", ""Scrape Date"": ""2024-10-26"", ""Scrape Time"": ""20:04:28"", ""Selfie"": ""12 MP"", ""Storage"": ""256GB,""}",Galaxy Tablet
2024-10-26 20:04:36,Samsung Galaxy Tab S9,Samsung,https://www.phoneplacekenya.com/product/samsung-galaxy-tab-s9/,78000.0,92000.0,15.22,0,IN STOCK,"{""Battery"": ""10090 mAh, 45W"", ""Brands"": ""Samsung"", ""Camera"": ""13MP"", ""Colors"": ""Beige, Graphite"", ""Connectivity"": ""Dual SIM, 5G, Wi-Fi"", ""Display"": ""11.0 inches, AMOLED, 120Hz"", ""NB"": ""Warranty registration is the customer's responsibility"", ""OS"": ""Android 13, One UI 5.1"", ""PhonePlaceKenya_verifiedRatings"": ""0 Reviews"", ""Processor"": ""Qualcomm Snapdragon 8 Gen 2"", ""RAM"": ""6/8GB"", ""Reviews"": ""0 Reviews"", ""Scrape Date"": ""2024-10-26"", ""Scrape Time"": ""20:04:36"", ""Selfie"": ""12 MP"", ""Storage"": ""128,256GB""}",Galaxy Tablet
2024-10-26 20:04:47,Samsung Galaxy Watch 6,Samsung,https://www.phoneplacekenya.com/product/samsung-galaxy-watch-6/,21500.0,22500.0,4.44,0,IN STOCK,"{""Battery"": ""425 mAh, 10W wireless"", ""Brands"": ""Samsung"", ""Color"": ""Graphite, Silver, Gold"", ""Dimension"": ""42.8 x 44.4 x 9 mm"", ""Internal Storage"": ""16 GB"", ""NB"": ""Warranty registration is the customer's responsibility"", ""OS"": ""Android Wear OS 4, One UI Watch 5"", ""PhonePlaceKenya_verifiedRatings"": ""0 Reviews"", ""Processor"": ""Exynos W930"", ""RAM"": ""2 GB"", ""Resolution"": ""480 x 480 pixels (~453 ppi density)"", ""Reviews"": ""0 Reviews"", ""Scrape Date"": ""2024-10-26"", ""Scrape Time"": ""20:04:47"", ""Screen Size"": ""1.5-inch, 1.3 inch"", ""Water resistance"": ""IP68 Certified Rating""}",Galaxy Watch
2024-10-26 20:04:54,Samsung Galaxy Tab S9 Ultra,Samsung,https://www.phoneplacekenya.com/product/samsung-galaxy-tab-s9-ultra/,125000.0,127000.0,1.57,0,IN STOCK,"{""Battery"": ""11,200 mAh, 45W"", ""Brands"": ""Samsung"", ""Camera"": ""13MP + 8 MP"", ""Colors"": ""Beige, Graphite"", ""Connectivity"": ""Dual SIM, 5G, Wi-Fi"", ""Display"": ""14.6 inch, AMOLED, 120Hz"", ""NB"": ""Warranty registration is the customer's responsibility"", ""OS"": ""Android 13, One UI 5.1"", ""PhonePlaceKenya_verifiedRatings"": ""0 Reviews"", ""Processor"": ""Qualcomm Snapdragon 8 Gen 2"", ""RAM"": ""12GB"", ""Reviews"": ""0 Reviews"", ""Scrape Date"": ""2024-10-26"", ""Scrape Time"": ""20:04:54"", ""Selfie"": ""12 MP + 12 MP"", ""Storage"": ""256GB""}",Galaxy Tablet
2024-10-26 20:05:02,Samsung Galaxy Tab S9 FE,Samsung,https://www.phoneplacekenya.com/product/samsung-galaxy-tab-s9-fe/,54000.0,61000.0,11.48,0,IN STOCK,"{""Battery"": ""Li-Po 8,000 mAh, 45W"", ""Brands"": ""Samsung"", ""Colors"": ""Mint, Silver, Gray, Lavender"", ""Connectivity"": ""Dual SIM, 3G, 4G,5G Wi-Fi"", ""Display"": ""10.4 inches, IPS LCD, 90Hz"", ""Front camera"": ""12 MP"", ""Internal Storage"": ""128GB,256GB."", ""Main camera"": ""8 MP"", ""NB"": ""Warranty registration is the customer's responsibility"", ""OS"": ""Android 13, One UI 5.1"", ""PhonePlaceKenya_Discount"": ""-18%"", ""PhonePlaceKenya_verifiedRatings"": ""0 Reviews"", ""Processor"": ""Exynos 1380 (5 nm)"", ""RAM"": ""8GB"", ""Reviews"": ""0 Reviews"", ""Scrape Date"": ""2024-10-26"", ""Scrape Time"": ""20:05:02""}",Galaxy Tablet
2024-10-26 20:05:11,Samsung Galaxy M34 5G,Samsung,https://www.phoneplacekenya.com/product/samsung-galaxy-m34-5g/,22500.0,24000.0,6.25,0,IN STOCK,"{""Battery"": ""6,000 mAh"", ""Brands"": ""Samsung"", ""Camera"": ""50MP + 8MP + 2MP"", ""Colors"": ""Midnight Blue, Prism Silver, Waterfall Blue"", ""Connectivity"": ""Dual SIM, 5G, Wi-Fi"", ""Display"": ""6.5-inch, Super AMOLED, 120Hz, 1000 nits (peak)"", ""NB"": ""Warranty registration is the customer's responsibility"", ""OS"": ""Android 13, One UI 5.1"", ""PhonePlaceKenya_Discount"": ""-6%"", ""PhonePlaceKenya_verifiedRatings"": ""0 Reviews"", ""Processor"": ""Exynos 1280 (5 nm)"", ""RAM"": ""6GB,"", ""Reviews"": ""0 Reviews"", ""Scrape Date"": ""2024-10-26"", ""Scrape Time"": ""20:05:11"", ""Selfie"": ""13 MP, f/2.2, (wide)"", ""Storage"": ""128GB""}",Samsung Phones
2024-10-26 20:05:21,Samsung Galaxy F04,Samsung,https://www.phoneplacekenya.com/product/samsung-galaxy-f04/,13500.0,14500.0,6.9,0,IN STOCK,"{""Battery"": ""5000 mAh"", ""Brands"": ""Samsung"", ""Colors"": ""Black, Copper, Light Blue"", ""Connectivity"": ""Dual sim, 2G, 3G"", ""Display"": ""6.5 inch"", ""Front camera"": ""5 MP"", ""Internal Storage"": ""64GB"", ""Main camera"": ""13 MP + 2 MP"", ""NB"": ""Warranty registration is the customer's responsibility"", ""OS"": ""Android 12, One UI Core 4.1"", ""PhonePlaceKenya_Discount"": ""-7%"", ""PhonePlaceKenya_verifiedRatings"": ""0 Reviews"", ""Processor"": ""MediaTek Helio P35"", ""RAM"": ""4GB"", ""Reviews"": ""0 Reviews"", ""Scrape Date"": ""2024-10-26"", ""Scrape Time"": ""20:05:21""}",Samsung Phones
2024-10-26 20:05:30,Samsung Galaxy S23 Ultra 5G,Samsung,https://www.phoneplacekenya.com/product/samsung-galaxy-s23-ultra-5g/,96000.0,106000.0,9.43,0,IN STOCK,"{""Battery"": ""5,000 mAh"", ""Brands"": ""Samsung"", ""Colors"": ""Phantom Black, Cream, Green, Lavender"", ""Connectivity"": ""Dual sim, 2G, 3G, 4G, 5G, Wi-Fi"", ""Display"": ""6.8 inch + 120Hz AMOLED display"", ""Front camera"": ""12 MP"", ""Internal Storage"": ""256GB/512GB"", ""Main camera"": ""200MP + 12MP + 10MP + 10MP"", ""NB"": ""Warranty registration is the customer's responsibility"", ""OS"": ""Android 13, One UI 5.1"", ""PhonePlaceKenya_Discount"": ""-14%"", ""PhonePlaceKenya_verifiedRatings"": ""0 Reviews"", ""Processor"": ""Snapdragon 8 Gen2"", ""RAM"": ""12GB"", ""Region"": ""UAE / Dubai"", ""Reviews"": ""0 Reviews"", ""Scrape Date"": ""2024-10-26"", ""Scrape Time"": ""20:05:30"", ""Warranty Info"": ""Warranty""}",Samsung Phones
2024-10-26 20:05:39,Samsung Galaxy S23 Plus 5G,Samsung,https://www.phoneplacekenya.com/product/samsung-galaxy-s23-plus-5g/,118000.0,150000.0,21.33,0,IN STOCK,"{""Battery"": ""4700 mAh"", ""Brands"": ""Samsung"", ""Colors"": ""Phantom Black, Cream, Green, Lavender"", ""Connectivity"": ""Dual sim, 2G, 3G, 4G, 5G"", ""Display"": ""6.6 inch"", ""Front camera"": ""12MP"", ""Internal Storage"": ""256GB"", ""Main camera"": ""50 MP + 12 MP + 10 MP"", ""NB"": ""Warranty registration is the customer's responsibility"", ""OS"": ""Android 13, One UI 5.1"", ""PhonePlaceKenya_Discount"": ""-23%"", ""PhonePlaceKenya_verifiedRatings"": ""0 Reviews"", ""Processor"": ""Snapdragon 8 Gen2"", ""RAM"": ""8GB"", ""Region"": ""UAE / Dubai"", ""Reviews"": ""0 Reviews"", ""Scrape Date"": ""2024-10-26"", ""Scrape Time"": ""20:05:39"", ""Warranty Info"": ""Warranty""}",Samsung Phones
2024-10-26 20:05:47,Samsung Galaxy S23 5G,Samsung,https://www.phoneplacekenya.com/product/samsung-galaxy-s23-5g/,67000.0,75000.0,10.67,0,IN STOCK,"{""Battery"": ""3900 mAh"", ""Brands"": ""Samsung"", ""Colors"": ""Phantom Black, Cream, Green, Lavender"", ""Connectivity"": ""Dual sim, 2G, 3G, 4G, 5G, Wi-Fi"", ""Display"": ""6.1 inch + 120Hz AMOLED display"", ""Front camera"": ""12 MP"", ""Internal Storage"": ""128GB,256GB"", ""Main camera"": ""50MP + 12MP + 10MP"", ""NB"": ""Warranty registration is the customer's responsibility"", ""OS"": ""Android 13, One UI 5.1"", ""PhonePlaceKenya_Discount"": ""-21%"", ""PhonePlaceKenya_verifiedRatings"": ""0 Reviews"", ""Processor"": ""Snapdragon 8 Gen2"", ""RAM"": ""8GB"", ""Reviews"": ""0 Reviews"", ""Scrape Date"": ""2024-10-26"", ""Scrape Time"": ""20:05:47""}",Samsung Phones
2024-10-26 20:05:56,Samsung Galaxy F13,Samsung,https://www.phoneplacekenya.com/product/samsung-galaxy-f13/,19300.0,23000.0,16.09,0,IN STOCK,"{""Battery"": ""6,000mAh"", ""Brands"": ""Samsung"", ""Colors"": ""Waterfall Blue, Sunrise Copper, and Nightsky Green"", ""Connectivity"": ""Dual SIM, Up to 4G Connectivity"", ""Display"": ""6.6 inches"", ""Front camera"": ""8 MP"", ""Internal Storage"": ""128GB"", ""Main camera"": ""50MP + 5MP + 2MP"", ""NB"": ""Warranty registration is the customer's responsibility"", ""OS"": ""Android 12, One UI Core 4.1"", ""PhonePlaceKenya_Discount"": ""-16%"", ""PhonePlaceKenya_verifiedRatings"": ""0 Reviews"", ""Processor"": ""Exynos 850 (8nm)"", ""RAM"": ""4GB"", ""Reviews"": ""0 Reviews"", ""Scrape Date"": ""2024-10-26"", ""Scrape Time"": ""20:05:56"", ""Warranty Info"": ""No Local Warranty""}",Samsung Phones
2024-10-26 20:06:06,Samsung Galaxy Z Fold 4,Samsung,https://www.phoneplacekenya.com/product/samsung-galaxy-z-fold-4/,112000.0,140000.0,20.0,0,IN STOCK,"{""Battery"": ""4,400 mAh"", ""Brands"": ""Samsung"", ""Colors"": ""Stalwart Phantom Black, Beige, Gray-green"", ""Connectivity"": ""Dual sim, 3G, 4G, 5G, VoLTE, Wi-Fi"", ""Cover display"": ""6.2 inch"", ""Display"": ""7.6 inch"", ""Inner Camera"": ""4MP"", ""Internal Storage"": ""256GB, 512GB"", ""NB"": ""Warranty registration is the customer's responsibility"", ""OS"": ""Android 12L, One UI 4.1.1"", ""Outer Camera"": ""10MP"", ""PhonePlaceKenya_Discount"": ""-23%"", ""PhonePlaceKenya_verifiedRatings"": ""0 Reviews"", ""Processor"": ""Qualcomm Snapdragon 8+ Gen 1"", ""RAM"": ""12 GB"", ""Rear Camera"": ""50MP + 12MP+ 10MP"", ""Region"": ""UAE / Dubai"", ""Reviews"": ""0 Reviews"", ""Scrape Date"": ""2024-10-26"", ""Scrape Time"": ""20:06:06"", ""Warranty Info"": ""Warranty""}",Foldable Phones
2024-10-26 20:06:15,Samsung Galaxy Buds 2 Pro,Samsung,https://www.phoneplacekenya.com/product/samsung-galaxy-buds-2-pro/,14000.0,18500.0,24.32,0,IN STOCK,"{""Battery Life"": ""5 hours with ANC/8 hours without"", ""Bluetooth"": ""5.3"", ""Brands"": ""Samsung"", ""Charging"": ""USB-C, wireless"", ""Dimensions (earbuds)"": ""19.9 x 21.6 x 18.7mm"", ""Driver size"": ""10mm driver + 5.3mm tweeter"", ""IP rating"": ""IPX7"", ""Mono Listening"": ""Yes"", ""NB"": ""Warranty registration is the customer's responsibility"", ""Noise Cancellation"": ""Yes"", ""PhonePlaceKenya_Discount"": ""-24%"", ""PhonePlaceKenya_verifiedRatings"": ""0 Reviews"", ""Reviews"": ""0 Reviews"", ""SKU"": ""SM-R510NZWAMEA"", ""Scrape Date"": ""2024-10-26"", ""Scrape Time"": ""20:06:15"", ""Supported codecs"": ""SBC, AAC, Samsung Seamless"", ""Weight (earbuds)"": ""5.5g""}",Galaxy Buds
2024-10-26 20:06:24,Samsung Galaxy M13 4G,Samsung,https://www.phoneplacekenya.com/product/samsung-galaxy-m13-4g/,25000.0,26500.0,5.66,0,IN STOCK,"{""Battery"": ""5000 mAh"", ""Brands"": ""Samsung"", ""Colors"": ""Deep Green, Orange Copper, Light Blue"", ""Connectivity"": ""Dual sim, 2G, 3G, 4G, Wi-Fi"", ""Display"": ""6.6 inch"", ""Front camera"": ""8 MP"", ""Internal Storage"": ""128GB"", ""Main camera"": ""50MP + 5MP + 2MP"", ""NB"": ""Warranty registration is the customer's responsibility"", ""OS"": ""Android 12"", ""PhonePlaceKenya_Discount"": ""-6%"", ""PhonePlaceKenya_verifiedRatings"": ""1 Review"", ""Processor"": ""Exynos 850 (8nm)"", ""RAM"": ""6GB"", ""Scrape Date"": ""2024-10-26"", ""Scrape Time"": ""20:06:24""}",Samsung Phones
2024-10-26 20:06:34,Samsung 65W PD Power Adapter Trio,Samsung,https://www.phoneplacekenya.com/product/samsung-65w-pd-power-adapter-trio/,6500.0,8000.0,18.75,0,IN STOCK,"{""Brands"": ""Samsung"", ""NB"": ""Warranty registration is the customer's responsibility"", ""PhonePlaceKenya_Discount"": ""-19%"", ""PhonePlaceKenya_verifiedRatings"": ""0 Reviews"", ""Reviews"": ""0 Reviews"", ""SKU"": ""EP-T6530NBEGUS"", ""Scrape Date"": ""2024-10-26"", ""Scrape Time"": ""20:06:34""}",Chargers
2024-10-26 20:06:44,Samsung Galaxy F23,Samsung,https://www.phoneplacekenya.com/product/samsung-galaxy-f23/,29300.0,31000.0,5.48,0,IN STOCK,"{""Battery"": ""5000 mAh, 25W"", ""Brands"": ""Samsung"", ""Colors"": ""Aqua Blue, Forest Green"", ""Connectivity"": ""Dual sim, 5G, Wi-Fi"", ""Display"": ""6.6 inches, IPS LCD, 120Hz"", ""Front Camera"": ""8 MP, f/2.2, (wide)"", ""Internal Storage"": ""128 GB"", ""Main Camera"": ""50MP + 8MP + 2MP"", ""NB"": ""Warranty registration is the customer's responsibility"", ""OS"": ""Android 12, One UI 4.1"", ""PhonePlaceKenya_Discount"": ""-5%"", ""PhonePlaceKenya_verifiedRatings"": ""0 Reviews"", ""Processor"": ""Qualcomm Snapdragon 750G 5G (8 nm)"", ""RAM"": ""6GB"", ""Reviews"": ""0 Reviews"", ""Scrape Date"": ""2024-10-26"", ""Scrape Time"": ""20:06:44""}",Samsung Phones
2024-10-26 20:06:54,Samsung Galaxy S22 5G,Samsung,https://www.phoneplacekenya.com/product/samsung-galaxy-s22-5g/,55000.0,59500.0,7.56,0,IN STOCK,"{""Battery"": ""3,700 mAh"", ""Brands"": ""Samsung"", ""Colors"": ""Phantom Black, Phantom White, Green, Pink Gold"", ""Connectivity"": ""Dual sim, 2G, 3G, 4G, 5G"", ""Display"": ""6.1 inch"", ""Front camera"": ""10 MP"", ""Internal Storage"": ""128GB"", ""Main camera"": ""50 MP + 12 MP + 10 MP"", ""NB"": ""Warranty registration is the customer's responsibility"", ""OS"": ""Android 12"", ""PhonePlaceKenya_Discount"": ""-8%"", ""PhonePlaceKenya_verifiedRatings"": ""0 Reviews"", ""Processor"": ""Qualcomm Snapdragon 8 Gen 1"", ""RAM"": ""8GB"", ""Reviews"": ""0 Reviews"", ""SKU"": ""SM-S901B/DS"", ""Scrape Date"": ""2024-10-26"", ""Scrape Time"": ""20:06:54""}",Samsung Phones
2024-10-26 20:07:01,Samsung Galaxy S22 Ultra 5G,Samsung,https://www.phoneplacekenya.com/product/samsung-galaxy-s22-ultra/,90000.0,100000.0,10.0,0,IN STOCK,"{""Battery"": ""5000 mAh"", ""Brands"": ""Samsung"", ""Colors"": ""Phantom Black, Phantom White, Green, Burgundy"", ""Connectivity"": ""Dual sim, 2G, 3G, 4G, 5G, Wi-Fi"", ""Display"": ""6.8 inch + 120Hz AMOLED display"", ""Front camera"": ""40 MP"", ""Internal Storage"": ""256GB, 512GB"", ""Main camera"": ""108MP + 12MP + 10MP + 10MP"", ""NB"": ""Warranty registration is the customer's responsibility"", ""OS"": ""Android 12"", ""PhonePlaceKenya_Discount"": ""-35%"", ""PhonePlaceKenya_verifiedRatings"": ""0 Reviews"", ""Processor"": ""Qualcomm Snapdragon 8 Gen 1"", ""RAM"": ""12GB"", ""Region"": ""UAE / Dubai"", ""Reviews"": ""0 Reviews"", ""SKU"": ""SM-S908EZKGAFA"", ""Scrape Date"": ""2024-10-26"", ""Scrape Time"": ""20:07:01"", ""Warranty Info"": ""Warranty""}",Samsung Phones
2024-10-26 20:07:10,"Samsung 10,000mAh Wireless Power Bank",Samsung,https://www.phoneplacekenya.com/product/samsung-10000mah-wireless-power-bank/,8500.0,9000.0,5.56,0,IN STOCK,"{""Brands"": ""Samsung"", ""Cable Length"": ""0.2 m"", ""Capacity"": ""10000 mAh"", ""Colour"": ""Silver"", ""Input Voltage (Max, Fast Charge)"": ""9V, 12V"", ""Input Voltage (Max, Normal Charge)"": ""5 V"", ""NB"": ""Warranty registration is the customer's responsibility"", ""PhonePlaceKenya_Discount"": ""-6%"", ""PhonePlaceKenya_verifiedRatings"": ""0 Reviews"", ""Reviews"": ""0 Reviews"", ""Scrape Date"": ""2024-10-26"", ""Scrape Time"": ""20:07:10"", ""USB Output"": ""5V/2.A, 9V/1.67A, 12V/1.25A (25W max.)"", ""Weight"": ""234 g""}",Chargers
2024-10-26 20:07:18,Samsung Galaxy S21 FE 5G,Samsung,https://www.phoneplacekenya.com/product/samsung-galaxy-s21-fe/,50500.0,60000.0,15.83,0,IN STOCK,"{""Battery"": ""4500 mAh"", ""Brands"": ""Samsung"", ""Colors"": ""White, Lavender, Graphite, Olive"", ""Connectivity"": ""Dual sim, 3G, 4G, 5G, VoLTE, Wi-Fi"", ""Display"": ""6.41 inch"", ""Front camera"": ""32 MP"", ""Internal Storage"": ""256GB"", ""Main camera"": ""12 MP + 12 MP + 8 MP"", ""NB"": ""Warranty registration is the customer's responsibility"", ""OS"": ""Android 12"", ""PhonePlaceKenya_Discount"": ""-16%"", ""PhonePlaceKenya_verifiedRatings"": ""0 Reviews"", ""Processor"": ""Exynos 2100"", ""RAM"": ""8GB"", ""Region"": ""UAE / Dubai"", ""Reviews"": ""0 Reviews"", ""Scrape Date"": ""2024-10-26"", ""Scrape Time"": ""20:07:18"", ""Warranty Info"": ""Warranty""}",Samsung Phones
2024-10-26 20:07:29,Samsung Galaxy Tab A7 Lite,Samsung,https://www.phoneplacekenya.com/product/samsung-galaxy-tab-a7-lite/,18200.0,20000.0,9.0,0,IN STOCK,"{""Battery"": ""5100 mAh"", ""Brands"": ""Samsung"", ""Colors"": ""Gray, Silver"", ""Connectivity"": ""Dual sim, 3G, 4G, Wi-Fi"", ""Display"": ""8.7 inches"", ""Front camera"": ""2 MP"", ""Internal Storage"": ""32GB"", ""Main camera"": ""8 MP, AF"", ""NB"": ""Warranty registration is the customer's responsibility"", ""OS"": ""Android 11"", ""PhonePlaceKenya_Discount"": ""-9%"", ""PhonePlaceKenya_verifiedRatings"": ""1 Review"", ""Processor"": ""MediaTek Helio P22T"", ""RAM"": ""3GB"", ""Region"": ""UAE / Dubai"", ""Scrape Date"": ""2024-10-26"", ""Scrape Time"": ""20:07:29"", ""Warranty Info"": ""Warranty""}",Galaxy Tablet
2024-10-26 20:07:37,Samsung USB Type-C to Type-C,Samsung,https://www.phoneplacekenya.com/product/samsung-usb-type-c-to-type-c/,1500.0,1800.0,16.67,0,IN STOCK,"{""Brands"": ""Samsung"", ""Cable"": ""Length 1M"", ""Colour"": ""Black"", ""Connection Type"": ""Type-C"", ""NB"": ""Warranty registration is the customer's responsibility"", ""PhonePlaceKenya_Discount"": ""-17%"", ""PhonePlaceKenya_verifiedRatings"": ""0 Reviews"", ""Reviews"": ""0 Reviews"", ""Scrape Date"": ""2024-10-26"", ""Scrape Time"": ""20:07:37"", ""Source Connection"": ""USB""}",Chargers
2024-10-26 20:07:48,Samsung 15W Fast Charger,Samsung,https://www.phoneplacekenya.com/product/samsung-15w-fast-charger/,2500.0,3000.0,16.67,0,SOLD OUT,"{""Brands"": ""Samsung"", ""Cable Length"": ""1.5 m"", ""Charger Type"": ""Wall Charger"", ""Colour"": ""Black, white"", ""Input Voltage"": ""100-240 V"", ""Interface"": ""USB to USB Type-C"", ""NB"": ""Warranty registration is the customer's responsibility"", ""PhonePlaceKenya_Discount"": ""No Discount"", ""PhonePlaceKenya_verifiedRatings"": ""0 Reviews"", ""Reviews"": ""0 Reviews"", ""Scrape Date"": ""2024-10-26"", ""Scrape Time"": ""20:07:48""}",Chargers
2024-10-26 20:07:56,Samsung Galaxy Buds 2,Samsung,https://www.phoneplacekenya.com/product/samsung-galaxy-buds-2/,13000.0,15000.0,13.33,0,IN STOCK,"{""Battery Life"": ""7.5 hours"", ""Brands"": ""Samsung"", ""Built-In Microphone"": 3.0, ""Carrying Case"": ""Yes"", ""Color"": ""Graphite, White, Olive, and Lavender"", ""Connection Type"": ""Wireless"", ""Connectivity"": ""Bluetooth 5.2"", ""Ear Tip Sizes Included"": ""Large, Medium, Small"", ""Headphone Fit"": ""In-Ear"", ""NB"": ""Warranty registration is the customer's responsibility"", ""PhonePlaceKenya_Discount"": ""-13%"", ""PhonePlaceKenya_verifiedRatings"": ""0 Reviews"", ""Resistant"": ""IPX2 Splash"", ""Reviews"": ""0 Reviews"", ""Scrape Date"": ""2024-10-26"", ""Scrape Time"": ""20:07:56"", ""True Wireless"": ""Yes""}",Galaxy Buds
2024-10-26 20:08:05,Samsung 25W Fast Charger,Samsung,https://www.phoneplacekenya.com/product/samsung-25w-fast-charger/,3000.0,5000.0,40.0,0,IN STOCK,"{""Brands"": ""Samsung"", ""Charger Type"": ""Wall Charger"", ""Colour"": ""Black"", ""Dimension (WxHxD)"": ""1.62\u2033 x 2.6\u2033 x 1\u2033"", ""Input Voltage"": ""100-240 V"", ""Interface"": ""USB Type-C to USB Type-C"", ""NB"": ""Warranty registration is the customer's responsibility"", ""PhonePlaceKenya_Discount"": ""-40%"", ""PhonePlaceKenya_verifiedRatings"": ""0 Reviews"", ""Reviews"": ""0 Reviews"", ""Scrape Date"": ""2024-10-26"", ""Scrape Time"": ""20:08:05"", ""Weight"": ""48.8 g""}",Chargers
2024-10-26 20:08:13,Samsung 45W Fast Charger,Samsung,https://www.phoneplacekenya.com/product/samsung-45w-fast-charger/,6000.0,6500.0,7.69,0,IN STOCK,"{""Brands"": ""Samsung"", ""Cable Length"": ""1 m"", ""Charger Type"": ""Wall Charger"", ""Colour"": ""Black"", ""Input Voltage"": ""100-240 V"", ""Interface"": ""USB Type-C to USB Type-C"", ""NB"": ""Warranty registration is the customer's responsibility"", ""PhonePlaceKenya_Discount"": ""-8%"", ""PhonePlaceKenya_verifiedRatings"": ""0 Reviews"", ""Reviews"": ""0 Reviews"", ""Scrape Date"": ""2024-10-26"", ""Scrape Time"": ""20:08:13"", ""Weight"": ""48.8 g""}",Chargers
2024-10-26 20:08:21,Samsung AKG Type-C Headphones,Samsung,https://www.phoneplacekenya.com/product/samsung-akg-type-c-headphones/,4500.0,,,0,IN STOCK,"{""Brands"": ""Samsung"", ""Colour"": ""Black"", ""NB"": ""Warranty registration is the customer's responsibility"", ""PhonePlaceKenya_Discount"": ""No Discount"", ""PhonePlaceKenya_verifiedRatings"": ""0 Reviews"", ""Reviews"": ""0 Reviews"", ""Scrape Date"": ""2024-10-26"", ""Scrape Time"": ""20:08:21""}",In-Ear Headphones
2024-10-26 20:08:29,Samsung USB Type-C Fast charger,Samsung,https://www.phoneplacekenya.com/product/samsung-usb-type-c-fast-charger/,1500.0,1800.0,16.67,0,IN STOCK,"{""Brands"": ""Samsung"", ""Cable"": ""Length 1M"", ""Colour"": ""Black"", ""Connection Type"": ""Type-C"", ""NB"": ""Warranty registration is the customer's responsibility"", ""PhonePlaceKenya_Discount"": ""-17%"", ""PhonePlaceKenya_verifiedRatings"": ""0 Reviews"", ""Reviews"": ""0 Reviews"", ""Scrape Date"": ""2024-10-26"", ""Scrape Time"": ""20:08:29"", ""Source Connection"": ""USB""}",Chargers
2024-10-26 20:08:37,Samsung Mirco USB Data Cable,Samsung,https://www.phoneplacekenya.com/product/samsung-mirco-usb-data-cable/,1500.0,1800.0,16.67,0,IN STOCK,"{""Brands"": ""Samsung"", ""Cable"": ""Length 1M"", ""Colour"": ""Black"", ""Connection Type"": ""Micro USB"", ""NB"": ""Warranty registration is the customer's responsibility"", ""PhonePlaceKenya_Discount"": ""-17%"", ""PhonePlaceKenya_verifiedRatings"": ""0 Reviews"", ""Reviews"": ""0 Reviews"", ""Scrape Date"": ""2024-10-26"", ""Scrape Time"": ""20:08:37"", ""Source Connection"": ""USB""}",Chargers
