Scrape Date,Scrape Time,productName,PhonePlaceKenya_productLink,Reviews,Status,Display,RAM,Internal Storage,OS,Chipset,Main Camera,Selfie Camera,Connectivity,Battery,NB,SKU,Brands,Category,Capacity,Dimensions,Weight,Color,Connector,Compatibility,Accessories,Fast Charging,Multiple Devices Charging,Main camera,Front camera,Processor,Colors,Tags,Screen Size,Resolution,Dimension,Water resistance,Colorways,Driver,Mics,IP Rating,Active Noise Cancellation,Adaptive Active Noise Cancellation,Voice Control,Cover display,Warranty Info,Region,Cover Camera,Operating System,Internal Memory,Primary Camera,Front Camera,Storage,Size,Ports,Interface,Power Output,Voltage,Camera,Selfie,Bluetooth,Material,Strap,Kickstand,Case,Sports modes,Watch Faces,Waterproof,This item,Manufacturer,Batteries,Colour,Connector Type,Key Components,Speakers,Microphones,Drivers,ANC,Water Resistance,Thickness,Rear Camera,Inner Camera,Outer Camera,Battery Life,Noise Cancellation,Mono Listening,IP rating,Supported codecs,Weight (earbuds),Dimensions (earbuds),Charging,Driver size,Cable Length,"Input Voltage (Max, Fast Charge)","Input Voltage (Max, Normal Charge)",USB Output,Connection Type,Source Connection,Cable,Charger Type,Input Voltage,True Wireless,Resistant,Built-In Microphone,Carrying Case,Headphone Fit,Ear Tip Sizes Included,Dimension (WxHxD),PhonePlaceKenya_verifiedRatings,PhonePlaceKenya_oldPrice,PhonePlaceKenya_Price,PhonePlaceKenya_Discount
2024-10-26,19:58:08,Samsung Galaxy S24 FE 5G,https://www.phoneplacekenya.com/product/samsung-galaxy-s24-fe-5g/,0 Reviews,IN STOCK,"6.7-inch, Dynamic AMOLED 2X",8GB,256GB,"Android 14, One UI 6.1",Exynos 2400e (4 nm),50MP+8MP+12MP,10MP,"5G, Wi-Fi 7, Bluetooth 5.3, NFC, USB-C, GPS","4700mAh, 15W",Warranty registration is the customer's responsibility,SM-S721BLBBAFB,Samsung,Samsung Phones,,,,,,,,,,,,,,,,,,,,,,,,,,,,,,,,,,,,,,,,,,,,,,,,,,,,,,,,,,,,,,,,,,,,,,,,,,,,,,,,,,,,,,,,,,0 Reviews,"KSh 89,000","KSh 81,000",-9%
2024-10-26,19:58:17,Samsung Galaxy Fold 6 with S-Pen Case,https://www.phoneplacekenya.com/product/samsung-galaxy-fold-6-with-s-pen-case/,0 Reviews,IN STOCK,,,,,,,,,,Warranty registration is the customer's responsibility,,Samsung,Phone Covers,,,,,,,,,,,,,,,,,,,,,,,,,,,,,,,,,,,,,,,,,,,,,,,,,,,,,,,,,,,,,,,,,,,,,,,,,,,,,,,,,,,,,,,,,,0 Reviews,"KSh 13,500","KSh 12,000",-11%
2024-10-26,19:58:27,Samsung 45W 20000 mAh Power Bank,https://www.phoneplacekenya.com/product/samsung-45w-20000mah/,0 Reviews,IN STOCK,,,,,,,,,,Warranty registration is the customer's responsibility,,Samsung,Powerbank,"20,000mAh",152 x 76 x 25.5 cm,402g,beige,USB Type-C,"Samsung tablets, smartphones, smart devices, and other brands.","USB Type-C to USB Type-C (30 cm, 5A)",yes. 45W Super Fast Charging 2.0 (PD 3.0 PPS) 3x USB-C,Yes.,,,,,,,,,,,,,,,,,,,,,,,,,,,,,,,,,,,,,,,,,,,,,,,,,,,,,,,,,,,,,,,,,,,,,,,,,,,,,,,,,0 Reviews,"KSh 9,500","KSh 9,000",-5%
2024-10-26,19:58:43,Samsung Galaxy A06,https://www.phoneplacekenya.com/product/samsung-galaxy-a06/,0 Reviews,IN STOCK,6.7 inch,4GB,128GB,Android 14,,,,"Dual SIM, 2G, 3G, 4G, Wi-Fi","5000 mAh, 25W",Warranty registration is the customer's responsibility,SM-A065FZKDAFB,Samsung,Samsung Phones,,,,,,,,,,50MP+ 2MP,8MP,Mediatek Helio G85 (12 nm),"Blue, Gold, White",,,,,,,,,,,,,,,,,,,,,,,,,,,,,,,,,,,,,,,,,,,,,,,,,,,,,,,,,,,,,,,,,,,,,,,,,,,,,0 Reviews,"KSh 16,500","KSh 15,000",
2024-10-26,19:58:52,Samsung Galaxy Buds 3 Pro,https://www.phoneplacekenya.com/product/samsung-galaxy-buds-3-pro/,0 Reviews,IN STOCK,,,,,,,,,,Warranty registration is the customer's responsibility,SM-R630NZAAMEA,Samsung,Galaxy Buds,,,,,,,,,,,,,,,,,,,,,,,,,,,,,,,,,,,,,,,,,,,,,,,,,,,,,,,,,,,,,,,,,,,,,,,,,,,,,,,,,,,,,,,,,,0 Reviews,"KSh 30,000","KSh 27,500",
2024-10-26,19:58:59,Samsung Galaxy Watch 7,https://www.phoneplacekenya.com/product/samsung-galaxy-watch-7/,0 Reviews,IN STOCK,,2 GB,32 GB,"Android Wear OS 5, One UI Watch 6",,,,,"425 mAh, 10W wireless",Warranty registration is the customer's responsibility,N/A,Samsung,Galaxy Watch,,,,"Cream, Silver, Green",,,,,,,,Exynos W1000 (3 nm),,,1.5-inch,480 x 480 pixels (~327 ppi density),44.4 x 44.4 x 9.7 mm,IP68 Certified Rating,,,,,,,,,,,,,,,,,,,,,,,,,,,,,,,,,,,,,,,,,,,,,,,,,,,,,,,,,,,,,,,,,,,,,,,,0 Reviews,"KSh 30,500","KSh 33,500",
2024-10-26,19:59:07,Samsung Galaxy Watch Ultra,https://www.phoneplacekenya.com/product/samsung-galaxy-watch-ultra/,0 Reviews,IN STOCK,"1.5-inch, Super AMOLED",2 GB,32 GB,"Android Wear OS 5, One UI Watch 6",,,,,"425 mAh, 10W wireless",Warranty registration is the customer's responsibility,,Samsung,Galaxy Watch,,,,,,,,,,,,Exynos W1000 (3NM),,,,480 x 480 pixels (~327 ppi density),47.4 x 47.4 x 12.1 mm,"IP68 Certified Rating, 10ATM Certified","Titanium Silver, Titanium Gray, Titanium White",,,,,,,,,,,,,,,,,,,,,,,,,,,,,,,,,,,,,,,,,,,,,,,,,,,,,,,,,,,,,,,,,,,,,,,0 Reviews,"KSh 90,000","KSh 85,000",
2024-10-26,19:59:14,Samsung Galaxy Buds 3,https://www.phoneplacekenya.com/product/samsung-galaxy-buds-3/,0 Reviews,IN STOCK,,,,,,,,,"Buds-61mAh, Case-515mAh",Warranty registration is the customer's responsibility,,Samsung,Galaxy Buds,,,,,,,,,,,,,"Silver, White",,,,,,,11mm dynamic drivers,3 mics + VPU (DNN + Personalized Beamforming),Waterproof IP57,Yes,No,Bixby,,,,,,,,,,,,,,,,,,,,,,,,,,,,,,,,,,,,,,,,,,,,,,,,,,,,,,,,,,,,,,,,,0 Reviews,"KSh 23,000","KSh 19,000",
2024-10-26,19:59:22,Samsung Galaxy Z Flip 6,https://www.phoneplacekenya.com/product/samsung-galaxy-z-flip-6/,0 Reviews,IN STOCK,"6.7 inch, AMOLED, 120Hz",12 GB,"256GB, 512GB","Android 14, One UI 6.1.1",,,,"Dual SIM, 3G, 4G, 5G, VoLTE, Wi-Fi","4000mAh, 25W",Warranty registration is the customer's responsibility,SM-F741BLBAAFB,Samsung,Foldable Phones,,,,,,,,,,50 MP + 12 MP,10 MP,Qualcomm Snapdragon 8 Gen 3,"Yellow, Silver Shadow, Mint, Blue, Black, White, Peach",,,,,,,,,,,,,"3.9 inch, AMOLED",Warranty,UAE / Dubai,,,,,,,,,,,,,,,,,,,,,,,,,,,,,,,,,,,,,,,,,,,,,,,,,,,,,,,,,,,,,,0 Reviews,"KSh 93,000","KSh 131,000",
2024-10-26,19:59:30,Samsung Galaxy Z Fold 6,https://www.phoneplacekenya.com/product/samsung-galaxy-z-fold-6/,0 Reviews,IN STOCK,7.6 inches Super AMOLED display (unfolded); 6.3-inches when folded,12GB,"256GB, 512GB",,,,,"Dual SIM, 3G, 4G, 5G, Wi-Fi","4,4000mAh",Warranty registration is the customer's responsibility,SM-F956BZSDAFB,Samsung,Foldable Phones,,,,,,,,,,50MP + 10MP + 12MP,4MP,Qualcomm SM8550-AC Snapdragon 8 Gen 3 (4 nm),"Navy, Silver Shadow, Pink, Black, White",,,,,,,,,,,,,,Warranty,UAE / Dubai,10MP,"Android 14, One UI 6.1.1",,,,,,,,,,,,,,,,,,,,,,,,,,,,,,,,,,,,,,,,,,,,,,,,,,,,,,,,,,,,0 Reviews,"KSh 162,000","KSh 186,000",
2024-10-26,19:59:37,Samsung Galaxy Tab S10 Ultra,https://www.phoneplacekenya.com/product/samsung-galaxy-tab-s10-ultra/,0 Reviews,,14.6-inch Dynamic AMOLED 2X,"12GB, 16GB",,"Android 14, One UI 6.1",Mediatek Dimensity 9300+ (4 nm),,,"5G, Wi-Fi 7, Bluetooth 5.4, GPS, USB Type 3.2","11200mAh, 45W",Warranty registration is the customer's responsibility,,Samsung,Galaxy Tablet,,,,,,,,,,,,,,,,,,,,,,,,,,,,,,,"256GB, 512GB, 1TB",12MP + 12MP,8MP + 13MP,,,,,,,,,,,,,,,,,,,,,,,,,,,,,,,,,,,,,,,,,,,,,,,,,,,,,,,,,0 Reviews,"KSh 170,000","KSh 165,000",No Discount
2024-10-26,19:59:46,Samsung Galaxy Watch FE,https://www.phoneplacekenya.com/product/samsung-galaxy-watch-fe/,0 Reviews,IN STOCK,,1.5 GB,,"Android Wear OS 4, One UI Watch 5",,,,,"247 mAh, Wireless (Qi)",Warranty registration is the customer's responsibility,N/A,Samsung,Galaxy Watch,,,,"Black, Silver, Pink Gold",,,,,,,,Exynos W920 (5 nm),,,"1.2 inches, Super AMOLED",,40.4 x 39.3 x 9.8 mm,,,,,,,,,,,,,,,,,16 GB,,,,,,,,,,,,,,,,,,,,,,,,,,,,,,,,,,,,,,,,,,,,,,,,,,,,,,,,0 Reviews,"KSh 23,000","KSh 22,000",
2024-10-26,19:59:55,Samsung 40W Car Charger,https://www.phoneplacekenya.com/product/samsung-40w-car-charger-duo/,0 Reviews,IN STOCK,,,,,,,,,,Warranty registration is the customer's responsibility,,Samsung,Chargers,,,5g,Black,,,,,,,,,,,,,,,,,,,,,,,,,,,,,,,80 x 34 x 26 mm,dual,USB-C 1 Port + USB-A 1 Port,USB-C provides 25W; USB-A port provides 14W,12V,,,,,,,,,,,,,,,,,,,,,,,,,,,,,,,,,,,,,,,,,,,,,,,,,,,0 Reviews,"KSh 6,500","KSh 5,500",
2024-10-26,20:00:06,Samsung Galaxy M35 5G,https://www.phoneplacekenya.com/product/samsung-galaxy-m35-5g/,0 Reviews,IN STOCK,"6.6-inch, Super AMOLED, 120Hz, 1000 nits (HBM)","6GB, 8GB, 12GB",,"Android 14, One UI 6.1",,,,"Dual SIM, 5G, Wi-Fi","6,000 mAh; 25W wired",Warranty registration is the customer's responsibility,N/A,Samsung,Samsung Phones,,,,,,,,,,,,Exynos 1380 (5 nm),"Iceblue, Lilac, Navy, Lemon",,,,,,,,,,,,,,Warranty,UAE / Dubai,,,,,,"128GB, 256GB",,,,,,50MP + 8MP + 2MP,"13 MP, f/2.2, (wide)",,,,,,,,,,,,,,,,,,,,,,,,,,,,,,,,,,,,,,,,,,,,,,,,,0 Reviews,"KSh 30,000","KSh 25,000",-17%
2024-10-26,20:00:15,Samsung Galaxy M55,https://www.phoneplacekenya.com/product/samsung-galaxy-m55/,0 Reviews,IN STOCK,,8GB,,"Android 14, One UI 6.1",Qualcomm SM7450-AB Snapdragon 7 Gen 1 (4 nm),50MP + 8MP + 2MP,50MP,5G,"5000 mAh, non-removable, 45W",Warranty registration is the customer's responsibility,,Samsung,Samsung Phones,,,,,,,,,,,,,,,,,,,"Dark Blue, Light Green",,,,,,,,,UAE Version,,,256GB,,,,,,,,,,,"5.2, A2DP, LE",,,,,,,,,,,,,,,,,,,,,,,,,,,,,,,,,,,,,,,,,,,,,,,,0 Reviews,"KSh 42,000","KSh 39,000",-7%
2024-10-26,20:00:25,Samsung Galaxy A35 5G,https://www.phoneplacekenya.com/product/samsung-galaxy-a35-5g/,,IN STOCK,"6.6 inches, 120 Hz",8GB,256GB,"Android 14, One UI 6.1,",,,,"Dual SIM, 2G, 3G, 4G, 5G, Wi-Fi","5,000 mAh",Warranty registration is the customer's responsibility,SM-A356ELBMAFB,Samsung,Samsung Phones,,,,,,,,,,50MP + 8MP + 5MP,13MP,Exynos 1380 SoC,"Iceblue, Lilac, Navy",,,,,,,,,,,,,,Warranty,East Africa,,,,,,,,,,,,,,,,,,,,,,,,,,,,,,,,,,,,,,,,,,,,,,,,,,,,,,,,,,,,,,1 Review,"KSh 33,000","KSh 39,500",-17%
2024-10-26,20:00:34,Samsung Galaxy A55 5G,https://www.phoneplacekenya.com/product/samsung-galaxy-a55-5g/,0 Reviews,IN STOCK,"6 inches, 120 Hz",8GB,"128 GB, 256GB","Android 14, One UI 6.1,",,,,"Dual SIM, 2G, 3G, 4G, Wi-Fi","5,000 mAh",Warranty registration is the customer's responsibility,SM-A556ELBVAFB,Samsung,Samsung Phones,,,,,,,,,,50 MP + 12MP + 5 MP,32MP,Exynos 1480 SoC,"Iceblue, Lilac, Navy, Lemon",,,,,,,,,,,,,,Warranty,East Africa,,,,,,,,,,,,,,,,,,,,,,,,,,,,,,,,,,,,,,,,,,,,,,,,,,,,,,,,,,,,,,0 Reviews,"KSh 45,000","KSh 40,000",
2024-10-26,20:00:40,Samsung Galaxy A25 5G,https://www.phoneplacekenya.com/product/samsung-galaxy-a25-5g/,0 Reviews,IN STOCK,6.5 inch,"6GB, 8GB","128GB, 256GB","Android 14, One UI 6",,,,"Dual SIM, 2G, 3G, 4G, 5G, Wi-Fi","5,000 mAh, 25W",Warranty registration is the customer's responsibility,SM-A256EZKDAFA,Samsung,Samsung Phones,,,,,,,,,,50MP + 8MP + 2MP,13 MP,Octa-core Exynos 1280 (5 nm),"Brave Black, Personality Yellow, Fantasy Blue, Optimistic Blue",,,,,,,,,,,,,,,,,,,,,,,,,,,,,,,,,,,,,,,,,,,,,,,,,,,,,,,,,,,,,,,,,,,,,,,,,,,,,0 Reviews,"KSh 25,500","KSh 24,500",
2024-10-26,20:00:47,S24 Ultra Standing Grip Case,https://www.phoneplacekenya.com/product/s24-ultra-standing-grip-case/,0 Reviews,IN STOCK,,,,,,,,,,Warranty registration is the customer's responsibility,,Samsung,Phone Covers,,,,,,,,,,,,,"Taupe, Light Blue, and Dark Violet",,,,,,,,,,,,,,,,,,,,,,,,,,,,,,Silicone,for firm grip,built in for handsfree viewing,,,,,,,,,,,,,,,,,,,,,,,,,,,,,,,,,,,,,,,,,,,,,0 Reviews,"KSh 7,500","KSh 6,000",
2024-10-26,20:00:55,Galaxy S24 Ultra Smart View Wallet Case,https://www.phoneplacekenya.com/product/smart-view-wallet-case/,0 Reviews,IN STOCK,,,,,,,,,,Warranty registration is the customer's responsibility,,Samsung,Phone Covers,,,74g,,,Samsung Galaxy S24 Ultra.,,,,,,,"Violet, Light Green, Black and White",,,,,,,,,,,,,,,,,,,,,,83.9*166.2*15.4mm,,,,,,,,,,,,,,,,,,,,,,,,,,,,,,,,,,,,,,,,,,,,,,,,,,,,,,,0 Reviews,"KSh 7,500","KSh 6,000",
2024-10-26,20:01:02,Samsung Galaxy M15 4G,https://www.phoneplacekenya.com/product/samsung-galaxy-m15-4g-copy/,0 Reviews,IN STOCK,6.5-inch Super AMOLED,6GB,,,,50MP + 5MP + 2MP,13MP,4G,"6,000mAh, 25W",Warranty registration is the customer's responsibility,,Samsung,Samsung Phones,,,,,,,,,,,,MediaTek Helio G99 SoC,,,,,,,,,,,,,,,,,,Android 14-based One UI 6,128GB,,,,,,,,,,,,,,,,,,,,,,,,,,,,,,,,,,,,,,,,,,,,,,,,,,,,,,,,,,,0 Reviews,"KSh 21,000","KSh 19,500",
2024-10-26,20:01:10,Samsung Galaxy F15 5G,https://www.phoneplacekenya.com/product/samsung-galaxy-f15-5g/,0 Reviews,IN STOCK,"6 inches, Super AMOLED",4/6GB,,"Android 14, One UI 6",,50MP+5MP+2MP,"13 MP, f/2.0, (wide)",5G,"6000mAh, 25W",Warranty registration is the customer's responsibility,,Samsung,Samsung Phones,,,,,,,,,,,,"Octa-core, Mediatek Dimensity 6100+ (6 nm)",,,,,,,,,,,,,,,,,,,128GB,,,,,,,,,,,,,,,,,,,,,,,,,,,,,,,,,,,,,,,,,,,,,,,,,,,,,,,,,,,0 Reviews,"KSh 26,500","KSh 23,500",
2024-10-26,20:01:17,Samsung Galaxy Fit3,https://www.phoneplacekenya.com/product/samsung-galaxy-fit3/,0 Reviews,IN STOCK,1.6 inches,,,,,,,Bluetooth 5.3,208 mAh,Warranty registration is the customer's responsibility,,Samsung,Galaxy Watch,,,18.5g/36.8g,,,,,,,,,,,,,,,,,,,,,,,,,,,,,,,,,,,,,,,,,,,Metallic,100+,100+,5ATM/IP68 rating,,,,,,,,,,,,,,,,,,,,,,,,,,,,,,,,,,,,,,,,,0 Reviews,"KSh 10,500","KSh 9,000",
2024-10-26,20:01:25,Samsung Galaxy S24 5G,https://www.phoneplacekenya.com/product/samsung-galaxy-s24-5g/,0 Reviews,IN STOCK,"6.2 inch + Dynamic LTPO AMOLED 2X, 120Hz, HDR10+, 2600 nits (peak)",8GB,256GB,"Android 14, One UI 6.1",,,,"Dual SIM, 3G, 4G, 5G, Wi-Fi","4,000 mAh",Warranty registration is the customer's responsibility,SM-S921,Samsung,Samsung Phones,,,,,,,,,,50MP + 10MP + 12MP,12 MP (wide),Qualcomm Snapdragon 8 Gen 3 (4nm),"Onyx Black, Marble Grey, Cobalt Violet, Amber Yellow, Jade Green, Sandstone Orange, Sapphire Blue",,,,,,,,,,,,,,Warranty,UAE / Dubai,,,,,,,,,,,,,,,,,,,,,,,,,,,,,,,,,,,,,,,,,,,,,,,,,,,,,,,,,,,,,,0 Reviews,"KSh 85,000","KSh 92,000",
2024-10-26,20:01:34,Samsung Galaxy S24 Plus,https://www.phoneplacekenya.com/product/samsung-galaxy-s24-plus/,0 Reviews,IN STOCK,"6.7 inch, AMOLED, 120Hz",12GB,256GB,"Android 14, One UI 6.1",,,,"Dual sim, 2G, 3G, 4G, 5G",4900mAh,Warranty registration is the customer's responsibility,SM-S926,Samsung,Samsung Phones,,,,,,,,,,50 MP + 10 MP + 12 MP,12 MP,Snapdragon 8 Gen 3 / Exynos 2400,"Onyx Black, Marble Grey, Cobalt Violet, Amber Yellow, Jade Green, Sandstone Orange, Sapphire Blue",,,,,,,,,,,,,,,East Africa,,,,,,,,,,,,,,,,,,,,,,,,,,,,,,,,,,,,,,,,,,,,,,,,,,,,,,,,,,,,,,0 Reviews,"KSh 107,000","KSh 100,000",
2024-10-26,20:01:42,Samsung Galaxy S24 Ultra,https://www.phoneplacekenya.com/product/samsung-galaxy-s24-ultra/,2 Reviews,IN STOCK,6.8 inch + 120Hz AMOLED display,12GB,"256GB, 512GB, 1TB","Android 14, One UI 6.1",,,,"Dual SIM, 3G, 4G, 5G, Wi-Fi",5000 mAh,Warranty registration is the customer's responsibility,SM-S928UZKEXAA,Samsung,Samsung Phones,,,,,,,,,,200MP + 50MP + 10MP + 10MP,12 MP,Qualcomm Snapdragon 8 Gen 3,"Titanium Black, Titanium Gray, Titanium Violet, Titanium Yellow",,,,,,,,,,,,,,Warranty,UAE / Dubai,,,,,,,,,,,,,,,,,,,,,,"Samsung Galaxy S24 Ultra KSh 115,500 – KSh 178,000",,,,,,,,,,,,,,,,,,,,,,,,,,,,,,,,,,,,,,,,2 Reviews,"KSh 115,500","KSh 178,000",
2024-10-26,20:01:49,Samsung Galaxy A25 4G,https://www.phoneplacekenya.com/product/samsung-galaxy-a25-4g/,0 Reviews,,6.5 inches,"6GB, 8GB",128GB,"Android 13, upgradable to Android 14, One UI 6",,,,"Dual SIM, 2G, 3G, 4G, Wi-Fi","5,000 mAh, 25W",Warranty registration is the customer's responsibility,,Samsung,Samsung Phones,,,,,,,,,,50MP + 5MP + 2MP,13 MP,Mediatek Helio G99 (6nm),"Black, Lime Green, Blue gradient, Dark red",,,,,,,,,,,,,,,,,,,,,,,,,,,,,,,,,,,,,,,,,,,,,,,,,,,,,,,,,,,,,,,,,,,,,,,,,,,,,0 Reviews,"KSh 37,500",,No Discount
2024-10-26,20:01:57,Samsung 10000mAh Battery Pack,https://www.phoneplacekenya.com/product/samsung-10000mah-battery-pack/,0 Reviews,IN STOCK,,,,,,,,,,Warranty registration is the customer's responsibility,,Samsung,Powerbank,"10,000mAh",,240g,,,,,,,,,,,,,,,,,,,,,,,,,,,,,,,,,,,,,,,,,,,,,,,,Samsung,1 C battery required (included),Black Grey,USB Type C,"Battery Pack, USB-C Cable",,,,,,,,,,,,,,,,,,,,,,,,,,,,,,,,,,,0 Reviews,"KSh 4,500","KSh 4,000",
2024-10-26,20:02:04,Samsung Galaxy A15 4G,https://www.phoneplacekenya.com/product/samsung-galaxy-a15-4g/,2 Reviews,IN STOCK,6.4 inch,"4GB, 6GB","128GB, 256GB",Android 14,,,,"Dual SIM, 2G, 3G, 4G, Wi-Fi","5,000 mAh",Warranty registration is the customer's responsibility,SM-A155FZKIAFC,Samsung,Samsung Phones,,,,,,,,,,50MP + 5MP + 2MP,13 MP,Mediatek Helio G99 (6nm),"Black, Personality Yellow, Fantasy Blue, Optimistic Blue",,,,,,,,,,,,,,,,,,,,,,,,,,,,,,,,,,,,,,,,,,,,,,,,,,,,,,,,,,,,,,,,,,,,,,,,,,,,,2 Reviews,"KSh 18,000","KSh 23,500",-27%
2024-10-26,20:02:33,Samsung Galaxy A54 5G,https://www.phoneplacekenya.com/product/samsung-galaxy-a54-5g/,0 Reviews,IN STOCK,"6.46 inches, 120 Hz",8GB,256GB,"Android 13, One UI 5.1",,,,"Dual sim, 2G, 3G, 4G, Wi-Fi","5,000 mAh",Warranty registration is the customer's responsibility,,Samsung,Samsung Phones,,,,,,,,,,50 MP + 12MP + 5 MP,32MP,Exynos 1380,"Lime, Graphite, Violet, White",,,,,,,,,,,,,,,,,,,,,,,,,,,,,,,,,,,,,,,,,,,,,,,,,,,,,,,,,,,,,,,,,,,,,,,,,,,,,0 Reviews,"KSh 47,000","KSh 46,500",-1%
2024-10-26,20:02:42,Samsung Galaxy A24,https://www.phoneplacekenya.com/product/samsung-galaxy-a24/,0 Reviews,IN STOCK,"6.5 inches, AMOLED, 90Hz","6GB,",128GB,"Android 13, One UI 5.1",,,,"Dual sim, 3G, 4G, Wi-Fi","5000 mAh, 25W wired",Warranty registration is the customer's responsibility,,Samsung,Samsung Phones,,,,,,,,,,50 MP + 5 MP + 2 MP,13 MP,Mediatek Helio G99,"Black, Lime Green, Blue gradient, Dark Red",,,,,,,,,,,,,,,,,,,,,,,,,,,,,,,,,,,,,,,,,,,,,,,,,,,,,,,,,,,,,,,,,,,,,,,,,,,,,0 Reviews,"KSh 27,500","KSh 27,000",-2%
2024-10-26,20:02:52,Samsung Galaxy A34 5G,https://www.phoneplacekenya.com/product/samsung-galaxy-a34-5g/,2 Reviews,IN STOCK,"6.6 inch, AMOLED, 120Hz",6GB,128GB,"Android 13, One UI 5.1",,,,"Dual sim, 3G, 4G, 5G","5,000 mAh with 25W charging",Warranty registration is the customer's responsibility,N/A,Samsung,Samsung Phones,,,,,,,,,,48 MP + 8 MP + 5 MP,13 MP,MediaTek Dimensity 1080,"Lime, Graphite, Violet, Silver",,,,,,,,,,,,,,Warranty,UAE / Dubai,,,,,,,,,,,,,,,,,,,,,,,,,,,,,,,,,,,,,,,,,,,,,,,,,,,,,,,,,,,,,,2 Reviews,"KSh 32,000","KSh 36,000",-14%
2024-10-26,20:03:00,Samsung Galaxy S23 FE 5G,https://www.phoneplacekenya.com/product/samsung-galaxy-s23-fe-5g/,3 Reviews,IN STOCK,"6.4 inch, 120Hz AMOLED",8GB,256GB,"Android 13, One UI 5.1",,,,"Dual sim, 2G, 3G, 4G, 5G, Wi-Fi","4,500 mAh",Warranty registration is the customer's responsibility,N/A,Samsung,Samsung Phones,,,,,,,,,,50MP + 8MP + 12MP,12 MP,"Exynos 2200 International, Snapdragon 8 Gen 1 – USA","Mint, Cream, Graphite, Purple, Indigo and Tangerine",,,,,,,,,,,,,,Warranty,UAE / Dubai,,,,,,,,,,,,,,,,,,,,,,,,,,,,,,,,,,,,,,,,,,,,,,,,,,,,,,,,,,,,,,3 Reviews,"KSh 58,500","KSh 65,000",
2024-10-26,20:03:07,Samsung Galaxy Buds FE,https://www.phoneplacekenya.com/product/samsung-galaxy-buds-fe/,0 Reviews,IN STOCK,,,,,,,,,"21+ hours (6 hours use with ANC on/8.5 hours with ANC off, 5 extra hours in case)",Warranty registration is the customer's responsibility,SM-R400NZWAXFA,Samsung,Galaxy Buds,,,,,,,,,,,,,Graphite and White,,,,,,,,,,,,,,,,,,,,,,,,,,,,,,,,,,,,,,,,,,,1-way speaker,3 on each earbud,"2-way drivers 10mm, 5.3mm tweeter on each bud",Yes,IPX2 water-resistance rating,,,,,,,,,,,,,,,,,,,,,,,,,,,,,,0 Reviews,"KSh 10,500","KSh 9,000",
2024-10-26,20:03:15,Samsung Galaxy Tab A9 Plus,https://www.phoneplacekenya.com/product/samsung-galaxy-tab-a9-plus/,0 Reviews,IN STOCK,"11.0-inch TFT LCD, 90Hz refresh rate.",8GB,,,Qualcomm SM6375 Snapdragon 695 5G (6 nm),"8 MP, AF",,,"Li-Po 7,040 mAh, non-removable",Warranty registration is the customer's responsibility,SM-X216BZAEAFA,Samsung,Galaxy Tablet,,,,,,,,,,,,,,,,1200 x 1920 pixels,,,,,,,,,,,,,,,"64GB,128GB",,,,,,,,,,,,,,,,,,,,,,,,,,,,,,6.9 mm,,,,,,,,,,,,,,,,,,,,,,,,,,,,,0 Reviews,"KSh 26,000","KSh 31,500",
2024-10-26,20:03:23,Samsung Galaxy Tab A9,https://www.phoneplacekenya.com/product/samsung-galaxy-tab-a9/,0 Reviews,IN STOCK,8.7 inch TFT LCD,4GB,,"Android 13, One UI 5.1",Mediatek Helio G99 (6nm),8 MP,2 MP,,"5,100 mAh",Warranty registration is the customer's responsibility,,Samsung,Galaxy Tablet,,,,,,,,,,,,,"Graphite, Silver, Navy",,,800 x 1340 pixels,,,,,,,,,,,,,,,,,,64GB,,,,,,,,,,,,,,,,,,,,,,,,,,,,,,,,,,,,,,,,,,,,,,,,,,,,,,,,0 Reviews,"KSh 17,500","KSh 16,000",
2024-10-26,20:03:30,Samsung Galaxy A05,https://www.phoneplacekenya.com/product/samsung-galaxy-a05/,0 Reviews,IN STOCK,"6.7 inch, LCD, 90Hz",4GB,64/128GB,Android 13,,,,"Dual SIM, 2G, 3G, 4G","5,000 mAh",Warranty registration is the customer's responsibility,N/A,Samsung,Samsung Phones,,,,,,,,,,50 MP + 2 MP,8 MP,Snapdragon 680 4G,"Black, Silver, Light Green",,,,,,,,,,,,,,,,,,,,,,,,,,,,,,,,,,,,,,,,,,,,,,,,,,,,,,,,,,,,,,,,,,,,,,,,,,,,,0 Reviews,"KSh 13,000","KSh 14,000",
2024-10-26,20:03:38,Samsung Galaxy A05s,https://www.phoneplacekenya.com/product/samsung-galaxy-a05s/,3 Reviews,IN STOCK,"6.7 inch, LCD, 90Hz",4GB,"64GB,128GB",Android 13,,,,"Dual sim, 2G, 3G, 4G",5000 mAh,Warranty registration is the customer's responsibility,SM-A057FLVDAFC,Samsung,Samsung Phones,,,,,,,,,,50 MP + 2 MP+ 2 MP,13 MP,Snapdragon 680 4G,"Black, Silver, Light Green, Violet",,,,,,,,,,,,,,Warranty,East Africa,,,,,,,,,,,,,,,,,,,,,,,,,,,,,,,,,,,,,,,,,,,,,,,,,,,,,,,,,,,,,,3 Reviews,"KSh 14,000","KSh 15,500",
2024-10-26,20:03:45,Samsung Galaxy Z Flip 5,https://www.phoneplacekenya.com/product/samsung-galaxy-z-flip-5/,0 Reviews,IN STOCK,"6.7 inch, AMOLED, 120Hz",8 GB,"256GB, 512GB","Android 13, One UI 5.1.1",,,,"Dual sim, 3G, 4G, 5G, VoLTE, Wi-Fi","3700 mAh, 25W",Warranty registration is the customer's responsibility,N/A,Samsung,Foldable Phones,,,,,,,,,,12 MP + 12 MP,10 MP,Qualcomm Snapdragon 8 Gen 2,"Icy Blue, Phantom Black, Cream, Gray, Blue",,,,,,,,,,,,,"3.4 inch, AMOLED",Warranty,UAE / Dubai,,,,,,,,,,,,,,,,,,,,,,,,,,,,,,,,,,,,,,,,,,,,,,,,,,,,,,,,,,,,,,0 Reviews,"KSh 79,999","KSh 88,500",
2024-10-26,20:03:52,Samsung Galaxy Z Fold 5,https://www.phoneplacekenya.com/product/samsung-galaxy-z-fold-5/,0 Reviews,IN STOCK,"7.6 inch, AMOLED, 120Hz",12 GB,"256GB, 512GB","Android 13, One UI 5.1.1",,,,"Dual sim, 3G, 4G, 5G, VoLTE, Wi-Fi","4,400 mAh",Warranty registration is the customer's responsibility,N/A,Samsung,Foldable Phones,,,,,,,,,,,,Qualcomm Snapdragon 8 Gen 2,"Phantom Black, Cream, Icy Blue",,,,,,,,,,,,,"6.2 inch, AMOLED, 120Hz",Warranty,UAE / Dubai,,,,,,,,,,,,,,,,,,,,,,,,,,,,,,,,,,50MP + 12MP+ 10MP,4MP,10MP,,,,,,,,,,,,,,,,,,,,,,,,,,0 Reviews,"KSh 138,000","KSh 143,000",
2024-10-26,20:03:59,Samsung Galaxy F34 5G,https://www.phoneplacekenya.com/product/samsung-galaxy-f34-5g/,0 Reviews,IN STOCK,"6.5-inch, Super AMOLED, 120Hz, 1000 nits (peak)","6GB,",,"Android 13, One UI 5.1",,,,"Dual SIM, 5G, Wi-Fi","6,000 mAh",Warranty registration is the customer's responsibility,,Samsung,Samsung Phones,,,,,,,,,,,,Exynos 1280 (5 nm),"Electric Black, Mystic Green",,,,,,,,,,,,,,,,,,,,,128GB,,,,,,50MP + 8MP + 2MP,"13 MP, f/2.2, (wide)",,,,,,,,,,,,,,,,,,,,,,,,,,,,,,,,,,,,,,,,,,,,,,,,,0 Reviews,"KSh 29,000","KSh 26,000",
2024-10-26,20:04:05,Samsung Galaxy F14,https://www.phoneplacekenya.com/product/samsung-galaxy-f14/,0 Reviews,IN STOCK,6 inches,4GB,64GB,"Android 13, One UI Core 5.1",,,,"Dual SIM, up to 5G Connectivity","6,000mAh 25w fast charging",Warranty registration is the customer's responsibility,,Samsung,Samsung Phones,,,,,,,,,,5oMP + 2MP,13MP,Exynos 1330 (5nm),"Black, Green and Purple",,,,,,,,,,,,,,,,,,,,,,,,,,,,,,,,,,,,,,,,,,,,,,,,,,,,,,,,,,,,,,,,,,,,,,,,,,,,,0 Reviews,"KSh 15,000","KSh 13,800",
2024-10-26,20:04:12,Samsung Galaxy M14 5G,https://www.phoneplacekenya.com/product/samsung-galaxy-m14-5g/,0 Reviews,IN STOCK,6.6 inch,4GB,64GB,"Android 13, One UI 5.1",,,,"Dual SIM, 2G, 3G, 4G, 5G, Wi-Fi","6,000 mAh",Warranty registration is the customer's responsibility,,Samsung,Samsung Phones,,,,,,,,,,50MP + 2MP + 2MP,13 MP,"Octa-core, Exynos 1330 (5nm)","Navy Blue, Light Blue, Silver",,,,,,,,,,,,,,,,,,,,,,,,,,,,,,,,,,,,,,,,,,,,,,,,,,,,,,,,,,,,,,,,,,,,,,,,,,,,,0 Reviews,"KSh 15,500","KSh 14,000",
2024-10-26,20:04:21,Samsung Galaxy Watch 6 Classic,https://www.phoneplacekenya.com/product/samsung-galaxy-watch-6-classic/,0 Reviews,IN STOCK,,2 GB,,"Android Wear OS 4, One UI Watch 5",,,,,425 mAh,Warranty registration is the customer's responsibility,N/A,Samsung,Galaxy Watch,,,,"Black, Silver",,,,,,,,Exynos W930,,,1.5 inch,,46.5 x 46.5 x 10.9 mm (1.83 x 1.83 x 0.43 in),,,,,,,,,,,,,,,,,16 GB,,,,,,,,,,,,,,,,,,,,,,,,,,,,,,,,,,,,,,,,,,,,,,,,,,,,,,,,0 Reviews,"KSh 28,000","KSh 29,500",
2024-10-26,20:04:28,Samsung Galaxy Tab S9 Plus,https://www.phoneplacekenya.com/product/samsung-galaxy-tab-s9-plus/,0 Reviews,IN STOCK,"12.4 inches, AMOLED, 120Hz",12GB,,"Android 13, One UI 5.1",,,,"Dual SIM, 5G, Wi-Fi","10,090 mAh, 45W",Warranty registration is the customer's responsibility,,Samsung,Galaxy Tablet,,,,,,,,,,,,Qualcomm Snapdragon 8 Gen 2,"Beige, Graphite",,,,,,,,,,,,,,,,,,,,,"256GB,",,,,,,13MP + 8 MP,12 MP,,,,,,,,,,,,,,,,,,,,,,,,,,,,,,,,,,,,,,,,,,,,,,,,,0 Reviews,"KSh 120,000","KSh 106,000",
2024-10-26,20:04:36,Samsung Galaxy Tab S9,https://www.phoneplacekenya.com/product/samsung-galaxy-tab-s9/,0 Reviews,IN STOCK,"11.0 inches, AMOLED, 120Hz",6/8GB,,"Android 13, One UI 5.1",,,,"Dual SIM, 5G, Wi-Fi","10090 mAh, 45W",Warranty registration is the customer's responsibility,N/A,Samsung,Galaxy Tablet,,,,,,,,,,,,Qualcomm Snapdragon 8 Gen 2,"Beige, Graphite",,,,,,,,,,,,,,,,,,,,,"128,256GB",,,,,,13MP,12 MP,,,,,,,,,,,,,,,,,,,,,,,,,,,,,,,,,,,,,,,,,,,,,,,,,0 Reviews,"KSh 78,000","KSh 92,000",
2024-10-26,20:04:47,Samsung Galaxy Watch 6,https://www.phoneplacekenya.com/product/samsung-galaxy-watch-6/,0 Reviews,IN STOCK,,2 GB,16 GB,"Android Wear OS 4, One UI Watch 5",,,,,"425 mAh, 10W wireless",Warranty registration is the customer's responsibility,N/A,Samsung,Galaxy Watch,,,,"Graphite, Silver, Gold",,,,,,,,Exynos W930,,,"1.5-inch, 1.3 inch",480 x 480 pixels (~453 ppi density),42.8 x 44.4 x 9 mm,IP68 Certified Rating,,,,,,,,,,,,,,,,,,,,,,,,,,,,,,,,,,,,,,,,,,,,,,,,,,,,,,,,,,,,,,,,,,,,,,,,0 Reviews,"KSh 21,500","KSh 22,500",
2024-10-26,20:04:54,Samsung Galaxy Tab S9 Ultra,https://www.phoneplacekenya.com/product/samsung-galaxy-tab-s9-ultra/,0 Reviews,IN STOCK,"14.6 inch, AMOLED, 120Hz",12GB,,"Android 13, One UI 5.1",,,,"Dual SIM, 5G, Wi-Fi","11,200 mAh, 45W",Warranty registration is the customer's responsibility,,Samsung,Galaxy Tablet,,,,,,,,,,,,Qualcomm Snapdragon 8 Gen 2,"Beige, Graphite",,,,,,,,,,,,,,,,,,,,,256GB,,,,,,13MP + 8 MP,12 MP + 12 MP,,,,,,,,,,,,,,,,,,,,,,,,,,,,,,,,,,,,,,,,,,,,,,,,,0 Reviews,"KSh 127,000","KSh 125,000",
2024-10-26,20:05:02,Samsung Galaxy Tab S9 FE,https://www.phoneplacekenya.com/product/samsung-galaxy-tab-s9-fe/,0 Reviews,IN STOCK,"10.4 inches, IPS LCD, 90Hz",8GB,"128GB,256GB.","Android 13, One UI 5.1",,,,"Dual SIM, 3G, 4G,5G Wi-Fi","Li-Po 8,000 mAh, 45W",Warranty registration is the customer's responsibility,N/A,Samsung,Galaxy Tablet,,,,,,,,,,8 MP,12 MP,Exynos 1380 (5 nm),"Mint, Silver, Gray, Lavender",,,,,,,,,,,,,,,,,,,,,,,,,,,,,,,,,,,,,,,,,,,,,,,,,,,,,,,,,,,,,,,,,,,,,,,,,,,,,0 Reviews,"KSh 54,000","KSh 61,000",-18%
2024-10-26,20:05:11,Samsung Galaxy M34 5G,https://www.phoneplacekenya.com/product/samsung-galaxy-m34-5g/,0 Reviews,IN STOCK,"6.5-inch, Super AMOLED, 120Hz, 1000 nits (peak)","6GB,",,"Android 13, One UI 5.1",,,,"Dual SIM, 5G, Wi-Fi","6,000 mAh",Warranty registration is the customer's responsibility,,Samsung,Samsung Phones,,,,,,,,,,,,Exynos 1280 (5 nm),"Midnight Blue, Prism Silver, Waterfall Blue",,,,,,,,,,,,,,,,,,,,,128GB,,,,,,50MP + 8MP + 2MP,"13 MP, f/2.2, (wide)",,,,,,,,,,,,,,,,,,,,,,,,,,,,,,,,,,,,,,,,,,,,,,,,,0 Reviews,"KSh 24,000","KSh 22,500",-6%
2024-10-26,20:05:21,Samsung Galaxy F04,https://www.phoneplacekenya.com/product/samsung-galaxy-f04/,0 Reviews,IN STOCK,6.5 inch,4GB,64GB,"Android 12, One UI Core 4.1",,,,"Dual sim, 2G, 3G",5000 mAh,Warranty registration is the customer's responsibility,,Samsung,Samsung Phones,,,,,,,,,,13 MP + 2 MP,5 MP,MediaTek Helio P35,"Black, Copper, Light Blue",,,,,,,,,,,,,,,,,,,,,,,,,,,,,,,,,,,,,,,,,,,,,,,,,,,,,,,,,,,,,,,,,,,,,,,,,,,,,0 Reviews,"KSh 14,500","KSh 13,500",-7%
2024-10-26,20:05:30,Samsung Galaxy S23 Ultra 5G,https://www.phoneplacekenya.com/product/samsung-galaxy-s23-ultra-5g/,0 Reviews,IN STOCK,6.8 inch + 120Hz AMOLED display,12GB,256GB/512GB,"Android 13, One UI 5.1",,,,"Dual sim, 2G, 3G, 4G, 5G, Wi-Fi","5,000 mAh",Warranty registration is the customer's responsibility,N/A,Samsung,Samsung Phones,,,,,,,,,,200MP + 12MP + 10MP + 10MP,12 MP,Snapdragon 8 Gen2,"Phantom Black, Cream, Green, Lavender",,,,,,,,,,,,,,Warranty,UAE / Dubai,,,,,,,,,,,,,,,,,,,,,,,,,,,,,,,,,,,,,,,,,,,,,,,,,,,,,,,,,,,,,,0 Reviews,"KSh 96,000","KSh 106,000",-14%
2024-10-26,20:05:39,Samsung Galaxy S23 Plus 5G,https://www.phoneplacekenya.com/product/samsung-galaxy-s23-plus-5g/,0 Reviews,IN STOCK,6.6 inch,8GB,256GB,"Android 13, One UI 5.1",,,,"Dual sim, 2G, 3G, 4G, 5G",4700 mAh,Warranty registration is the customer's responsibility,N/A,Samsung,Samsung Phones,,,,,,,,,,50 MP + 12 MP + 10 MP,12MP,Snapdragon 8 Gen2,"Phantom Black, Cream, Green, Lavender",,,,,,,,,,,,,,Warranty,UAE / Dubai,,,,,,,,,,,,,,,,,,,,,,,,,,,,,,,,,,,,,,,,,,,,,,,,,,,,,,,,,,,,,,0 Reviews,"KSh 118,000","KSh 150,000",-23%
2024-10-26,20:05:47,Samsung Galaxy S23 5G,https://www.phoneplacekenya.com/product/samsung-galaxy-s23-5g/,0 Reviews,IN STOCK,6.1 inch + 120Hz AMOLED display,8GB,"128GB,256GB","Android 13, One UI 5.1",,,,"Dual sim, 2G, 3G, 4G, 5G, Wi-Fi",3900 mAh,Warranty registration is the customer's responsibility,N/A,Samsung,Samsung Phones,,,,,,,,,,50MP + 12MP + 10MP,12 MP,Snapdragon 8 Gen2,"Phantom Black, Cream, Green, Lavender",,,,,,,,,,,,,,,,,,,,,,,,,,,,,,,,,,,,,,,,,,,,,,,,,,,,,,,,,,,,,,,,,,,,,,,,,,,,,0 Reviews,"KSh 75,000","KSh 67,000",-21%
2024-10-26,20:05:56,Samsung Galaxy F13,https://www.phoneplacekenya.com/product/samsung-galaxy-f13/,0 Reviews,IN STOCK,6.6 inches,4GB,128GB,"Android 12, One UI Core 4.1",,,,"Dual SIM, Up to 4G Connectivity","6,000mAh",Warranty registration is the customer's responsibility,,Samsung,Samsung Phones,,,,,,,,,,50MP + 5MP + 2MP,8 MP,Exynos 850 (8nm),"Waterfall Blue, Sunrise Copper, and Nightsky Green",,,,,,,,,,,,,,No Local Warranty,,,,,,,,,,,,,,,,,,,,,,,,,,,,,,,,,,,,,,,,,,,,,,,,,,,,,,,,,,,,,,,0 Reviews,"KSh 23,000","KSh 19,300",-16%
2024-10-26,20:06:06,Samsung Galaxy Z Fold 4,https://www.phoneplacekenya.com/product/samsung-galaxy-z-fold-4/,0 Reviews,IN STOCK,7.6 inch,12 GB,"256GB, 512GB","Android 12L, One UI 4.1.1",,,,"Dual sim, 3G, 4G, 5G, VoLTE, Wi-Fi","4,400 mAh",Warranty registration is the customer's responsibility,N/A,Samsung,Foldable Phones,,,,,,,,,,,,Qualcomm Snapdragon 8+ Gen 1,"Stalwart Phantom Black, Beige, Gray-green",,,,,,,,,,,,,6.2 inch,Warranty,UAE / Dubai,,,,,,,,,,,,,,,,,,,,,,,,,,,,,,,,,,50MP + 12MP+ 10MP,4MP,10MP,,,,,,,,,,,,,,,,,,,,,,,,,,0 Reviews,"KSh 112,000","KSh 140,000",-23%
2024-10-26,20:06:15,Samsung Galaxy Buds 2 Pro,https://www.phoneplacekenya.com/product/samsung-galaxy-buds-2-pro/,0 Reviews,IN STOCK,,,,,,,,,,Warranty registration is the customer's responsibility,SM-R510NZWAMEA,Samsung,Galaxy Buds,,,,,,,,,,,,,,,,,,,,,,,,,,,,,,,,,,,,,,,,,,5.3,,,,,,,,,,,,,,,,,,,,,,,5 hours with ANC/8 hours without,Yes,Yes,IPX7,"SBC, AAC, Samsung Seamless",5.5g,19.9 x 21.6 x 18.7mm,"USB-C, wireless",10mm driver + 5.3mm tweeter,,,,,,,,,,,,,,,,,0 Reviews,"KSh 18,500","KSh 14,000",-24%
2024-10-26,20:06:24,Samsung Galaxy M13 4G,https://www.phoneplacekenya.com/product/samsung-galaxy-m13-4g/,,IN STOCK,6.6 inch,6GB,128GB,Android 12,,,,"Dual sim, 2G, 3G, 4G, Wi-Fi",5000 mAh,Warranty registration is the customer's responsibility,,Samsung,Samsung Phones,,,,,,,,,,50MP + 5MP + 2MP,8 MP,Exynos 850 (8nm),"Deep Green, Orange Copper, Light Blue",,,,,,,,,,,,,,,,,,,,,,,,,,,,,,,,,,,,,,,,,,,,,,,,,,,,,,,,,,,,,,,,,,,,,,,,,,,,,1 Review,"KSh 26,500","KSh 25,000",-6%
2024-10-26,20:06:34,Samsung 65W PD Power Adapter Trio,https://www.phoneplacekenya.com/product/samsung-65w-pd-power-adapter-trio/,0 Reviews,IN STOCK,,,,,,,,,,Warranty registration is the customer's responsibility,EP-T6530NBEGUS,Samsung,Chargers,,,,,,,,,,,,,,,,,,,,,,,,,,,,,,,,,,,,,,,,,,,,,,,,,,,,,,,,,,,,,,,,,,,,,,,,,,,,,,,,,,,,,,,,,,0 Reviews,"KSh 8,000","KSh 6,500",-19%
2024-10-26,20:06:44,Samsung Galaxy F23,https://www.phoneplacekenya.com/product/samsung-galaxy-f23/,0 Reviews,IN STOCK,"6.6 inches, IPS LCD, 120Hz",6GB,128 GB,"Android 12, One UI 4.1",,50MP + 8MP + 2MP,,"Dual sim, 5G, Wi-Fi","5000 mAh, 25W",Warranty registration is the customer's responsibility,,Samsung,Samsung Phones,,,,,,,,,,,,Qualcomm Snapdragon 750G 5G (8 nm),"Aqua Blue, Forest Green",,,,,,,,,,,,,,,,,,,,"8 MP, f/2.2, (wide)",,,,,,,,,,,,,,,,,,,,,,,,,,,,,,,,,,,,,,,,,,,,,,,,,,,,,,,,,0 Reviews,"KSh 31,000","KSh 29,300",-5%
2024-10-26,20:06:54,Samsung Galaxy S22 5G,https://www.phoneplacekenya.com/product/samsung-galaxy-s22-5g/,0 Reviews,IN STOCK,6.1 inch,8GB,128GB,Android 12,,,,"Dual sim, 2G, 3G, 4G, 5G","3,700 mAh",Warranty registration is the customer's responsibility,SM-S901B/DS,Samsung,Samsung Phones,,,,,,,,,,50 MP + 12 MP + 10 MP,10 MP,Qualcomm Snapdragon 8 Gen 1,"Phantom Black, Phantom White, Green, Pink Gold",,,,,,,,,,,,,,,,,,,,,,,,,,,,,,,,,,,,,,,,,,,,,,,,,,,,,,,,,,,,,,,,,,,,,,,,,,,,,0 Reviews,"KSh 59,500","KSh 55,000",-8%
2024-10-26,20:07:01,Samsung Galaxy S22 Ultra 5G,https://www.phoneplacekenya.com/product/samsung-galaxy-s22-ultra/,0 Reviews,IN STOCK,6.8 inch + 120Hz AMOLED display,12GB,"256GB, 512GB",Android 12,,,,"Dual sim, 2G, 3G, 4G, 5G, Wi-Fi",5000 mAh,Warranty registration is the customer's responsibility,SM-S908EZKGAFA,Samsung,Samsung Phones,,,,,,,,,,108MP + 12MP + 10MP + 10MP,40 MP,Qualcomm Snapdragon 8 Gen 1,"Phantom Black, Phantom White, Green, Burgundy",,,,,,,,,,,,,,Warranty,UAE / Dubai,,,,,,,,,,,,,,,,,,,,,,,,,,,,,,,,,,,,,,,,,,,,,,,,,,,,,,,,,,,,,,0 Reviews,"KSh 90,000","KSh 100,000",-35%
2024-10-26,20:07:10,"Samsung 10,000mAh Wireless Power Bank",https://www.phoneplacekenya.com/product/samsung-10000mah-wireless-power-bank/,0 Reviews,IN STOCK,,,,,,,,,,Warranty registration is the customer's responsibility,,Samsung,Chargers,10000 mAh,,234 g,,,,,,,,,,,,,,,,,,,,,,,,,,,,,,,,,,,,,,,,,,,,,,,,,,Silver,,,,,,,,,,,,,,,,,,,,,0.2 m,"9V, 12V",5 V,"5V/2.A, 9V/1.67A, 12V/1.25A (25W max.)",,,,,,,,,,,,,0 Reviews,"KSh 9,000","KSh 8,500",-6%
2024-10-26,20:07:18,Samsung Galaxy S21 FE 5G,https://www.phoneplacekenya.com/product/samsung-galaxy-s21-fe/,0 Reviews,IN STOCK,6.41 inch,8GB,256GB,Android 12,,,,"Dual sim, 3G, 4G, 5G, VoLTE, Wi-Fi",4500 mAh,Warranty registration is the customer's responsibility,N/A,Samsung,Samsung Phones,,,,,,,,,,12 MP + 12 MP + 8 MP,32 MP,Exynos 2100,"White, Lavender, Graphite, Olive",,,,,,,,,,,,,,Warranty,UAE / Dubai,,,,,,,,,,,,,,,,,,,,,,,,,,,,,,,,,,,,,,,,,,,,,,,,,,,,,,,,,,,,,,0 Reviews,"KSh 60,000","KSh 50,500",-16%
2024-10-26,20:07:29,Samsung Galaxy Tab A7 Lite,https://www.phoneplacekenya.com/product/samsung-galaxy-tab-a7-lite/,,IN STOCK,8.7 inches,3GB,32GB,Android 11,,,,"Dual sim, 3G, 4G, Wi-Fi",5100 mAh,Warranty registration is the customer's responsibility,N/A,Samsung,Galaxy Tablet,,,,,,,,,,"8 MP, AF",2 MP,MediaTek Helio P22T,"Gray, Silver",,,,,,,,,,,,,,Warranty,UAE / Dubai,,,,,,,,,,,,,,,,,,,,,,,,,,,,,,,,,,,,,,,,,,,,,,,,,,,,,,,,,,,,,,1 Review,"KSh 20,000","KSh 18,200",-9%
2024-10-26,20:07:37,Samsung USB Type-C to Type-C,https://www.phoneplacekenya.com/product/samsung-usb-type-c-to-type-c/,0 Reviews,IN STOCK,,,,,,,,,,Warranty registration is the customer's responsibility,,Samsung,Chargers,,,,,,,,,,,,,,,,,,,,,,,,,,,,,,,,,,,,,,,,,,,,,,,,,,,,,Black,,,,,,,,,,,,,,,,,,,,,,,,,Type-C,USB,Length 1M,,,,,,,,,,0 Reviews,"KSh 1,800","KSh 1,500",-17%
2024-10-26,20:07:48,Samsung 15W Fast Charger,https://www.phoneplacekenya.com/product/samsung-15w-fast-charger/,0 Reviews,,,,,,,,,,,Warranty registration is the customer's responsibility,,Samsung,Chargers,,,,,,,,,,,,,,,,,,,,,,,,,,,,,,,,,,,,,USB to USB Type-C,,,,,,,,,,,,,,,,"Black, white",,,,,,,,,,,,,,,,,,,,,1.5 m,,,,,,,Wall Charger,100-240 V,,,,,,,,0 Reviews,"KSh 3,000","KSh 2,500",No Discount
2024-10-26,20:07:56,Samsung Galaxy Buds 2,https://www.phoneplacekenya.com/product/samsung-galaxy-buds-2/,0 Reviews,IN STOCK,,,,,,,,Bluetooth 5.2,,Warranty registration is the customer's responsibility,,Samsung,Galaxy Buds,,,,"Graphite, White, Olive, and Lavender",,,,,,,,,,,,,,,,,,,,,,,,,,,,,,,,,,,,,,,,,,,,,,,,,,,,,,,,,,,,,7.5 hours,,,,,,,,,,,,,Wireless,,,,,Yes,IPX2 Splash,3,Yes,In-Ear,"Large, Medium, Small",,0 Reviews,"KSh 15,000","KSh 13,000",-13%
2024-10-26,20:08:05,Samsung 25W Fast Charger,https://www.phoneplacekenya.com/product/samsung-25w-fast-charger/,0 Reviews,IN STOCK,,,,,,,,,,Warranty registration is the customer's responsibility,,Samsung,Chargers,,,48.8 g,,,,,,,,,,,,,,,,,,,,,,,,,,,,,,,,,,USB Type-C to USB Type-C,,,,,,,,,,,,,,,,Black,,,,,,,,,,,,,,,,,,,,,,,,,,,,Wall Charger,100-240 V,,,,,,,1.62″ x 2.6″ x 1″,0 Reviews,"KSh 5,000","KSh 3,000",-40%
2024-10-26,20:08:13,Samsung 45W Fast Charger,https://www.phoneplacekenya.com/product/samsung-45w-fast-charger/,0 Reviews,IN STOCK,,,,,,,,,,Warranty registration is the customer's responsibility,,Samsung,Chargers,,,48.8 g,,,,,,,,,,,,,,,,,,,,,,,,,,,,,,,,,,USB Type-C to USB Type-C,,,,,,,,,,,,,,,,Black,,,,,,,,,,,,,,,,,,,,,1 m,,,,,,,Wall Charger,100-240 V,,,,,,,,0 Reviews,"KSh 6,500","KSh 6,000",-8%
2024-10-26,20:08:21,Samsung AKG Type-C Headphones,https://www.phoneplacekenya.com/product/samsung-akg-type-c-headphones/,0 Reviews,IN STOCK,,,,,,,,,,Warranty registration is the customer's responsibility,,Samsung,In-Ear Headphones,,,,,,,,,,,,,,,,,,,,,,,,,,,,,,,,,,,,,,,,,,,,,,,,,,,,,Black,,,,,,,,,,,,,,,,,,,,,,,,,,,,,,,,,,,,,0 Reviews,"KSh 4,500",,No Discount
2024-10-26,20:08:29,Samsung USB Type-C Fast charger,https://www.phoneplacekenya.com/product/samsung-usb-type-c-fast-charger/,0 Reviews,IN STOCK,,,,,,,,,,Warranty registration is the customer's responsibility,,Samsung,Chargers,,,,,,,,,,,,,,,,,,,,,,,,,,,,,,,,,,,,,,,,,,,,,,,,,,,,,Black,,,,,,,,,,,,,,,,,,,,,,,,,Type-C,USB,Length 1M,,,,,,,,,,0 Reviews,"KSh 1,800","KSh 1,500",-17%
2024-10-26,20:08:37,Samsung Mirco USB Data Cable,https://www.phoneplacekenya.com/product/samsung-mirco-usb-data-cable/,0 Reviews,IN STOCK,,,,,,,,,,Warranty registration is the customer's responsibility,,Samsung,Chargers,,,,,,,,,,,,,,,,,,,,,,,,,,,,,,,,,,,,,,,,,,,,,,,,,,,,,Black,,,,,,,,,,,,,,,,,,,,,,,,,Micro USB,USB,Length 1M,,,,,,,,,,0 Reviews,"KSh 1,800","KSh 1,500",-17%
